Expression of Interest,LGA,OHM Precinct,Maptivate,Access Map participation,Access Map Typology,Access,Accessibility notes,Program Copy (Property Information),Accessibility Summary,Additional information for carers,Organisation,Location/event full address,Title of location or event,Architect/Designer,Description,Original image uploads,Building type,Program type,What's On,Children's activities,Tour / Event Summary,Bookings required?,Access Map contact info,Further Info,"Latitude, Longitude",Video content—link,Video content—attachment,Access images,Maptivate updates,Edit Required
ANZ Gothic Bank Museum and Verdon Chambers,City of Melbourne,City of Melbourne,"2025,2026",checked,Mobility,"Ramp or level (step free) entry,Lift access to all public levels,Accessible bathrooms",The Gothic Banking Museum and Verdon Chambers has accessibility access.,"The Gothic Bank first opened in 1887 and is considered one of the finest examples of Gothic-Revival architecture in Australia. Take a self-guided tour of the ANZ Banking Museum inside and discover the history of banking by exploring the Museum, or join a pre-booked guided tour of the Verdon Chambers above.",,,ANZ Banking Group,"388 Collins St, Melbourne VIC 3000",ANZ Gothic Bank Museum and Verdon Chambers,Gothic Bank and Verdon Chambers: William Wardell 1887. ANZ Banking Museum: Foolscap Studio 2024.,"The Gothic Bank first opened in 1887 as the head office for the English, Scottish & Australian Bank (ES&A Bank) and is considered one of the finest examples of Gothic-Revival architecture in Australia. Above the bank sits the Verdon Chambers, comprising 10 rooms of immaculately preserved artwork and ornate features. 

As custodians of part of Melbourne's history, ANZ has recently restored the banking chamber to become the ANZ Banking Museum, featuring a range of artefacts and exhibitions from the colonial gold rush period through to modern-day banking. Other architectural features include the recently restored mosaic tiled floors, the 23-karat gold leaf stencilling on the ceiling, and the repurposed blackwood teller counters from 1887.","DJI_20240414112204_0560_D-HDR.jpg (https://v5.airtableusercontent.com/v3/u/53/53/1779213600000/3jMM9etTAbI_fpjzVfrUGw/Ph_KbSjFXfaaHOXUkfdPGAk4L7-8y6bdYffqwo4dLKRdJn1jLOHSM42LTgK9AxEBtxenLIFBiPHhsBBDBDDTXzcYgDabDvipXjXRTVuTfcUtG-wseKpPr9iOE-2Dafm5eS16Ih_65Hx9rJStdTzow_pUrYCQ9SDIRdZileJ_SYJJnhZtdhuUHxY-OruN6OT2/EKNnDVlj3nHmufCHcVlJ13k1yBZyiEoJN3nBg27-iM4),vic_melb_388_collins_st_verdon_chambers_drawing_room_c1900.jpeg (https://v5.airtableusercontent.com/v3/u/53/53/1779213600000/HA-0f1c97EF9nzXwwmdIDg/X1GNnTknUtUXnU2pYIlymXjl1OLP2TFoO_Dd_33Ss5FSa-XaSfG8Lv-svQG6BWOcf184TWBGgkMqXFWqlIjuxzqqVo3yj-fdt2W5udkRScttQ-q1VjxlbO3bockhhz0YxqLwOXmRkQnBnY8mOEnt0To-eMpNc2PX1cddvJhkbxMo6BcQhX4OCUUAs1ZieHQp2gd9GaYrZmIplL4swEfN9rMEkH2VrIkf4oyVX3QbPyE/480THiWnRsnVkqcT8i4CIscuIvppxO6J0swhEedG1JQ),3450.jpg (https://v5.airtableusercontent.com/v3/u/53/53/1779213600000/ef1B0ykNIpif9_gaHuNDeQ/3wpQsDf45M2YGhOIOjXlQj9XQyy5gfW3Xvm9aY4InwFKQty3q8eJOtJdJ6RpIxpD42KNpPpqunwIbCgB6fmsCjw5O5Zr3xXod94o59tmMYRooaH_0tmdYeUgIJtbRk1X9uTkMN4cz_Mt50EHy0iLYA/qhvZx47tlZw-CJIcFO6o8DOD_XG3CBwlspFtsUPiGeM),2151.jpg (https://v5.airtableusercontent.com/v3/u/53/53/1779213600000/vVf6ZHMUvfOvm6tqMLbUmw/QsJhnt_zjSLkJNnzX3-AS15JDlPgpXkpz8n2MVEVyqDVfBqu-AoM1Af0LzRz21WLwhTRj9FSMnfmqN3D7yfW3qFQSWhoIpkf0ZtP4oHWpDMNpFRZjI8hEt3Lomk1gXLpTe9Qf0IT8tqQRTl3ZcGStw/CYDFjOmg6DktbqydZa1I1SdBMih0TOCfXQxl9E5tN1A),4882.jpg (https://v5.airtableusercontent.com/v3/u/53/53/1779213600000/79HirbAFGcbfgF50mp_R_g/s72AuXih-w0PBZ42bjiO36QFfLx50uaA2VJ7E6-RiRYCgxDrT3I1RolG3PVmzUdubOmv_RVeR-pD8pi5GN7fvjg3hoRJZ85YOzgk6nYJnMfS5bth32I3tASZnbNaO3Nb4H7jFOAyKSs4hPCjQKB5UA/DvDzbxKkFoxzzMi54kUo5aDt12afXq6pm3Nzzyx8_0w)",Heritage,"Open Building,Building Tour,Exhibition,Talk/Presentation","Take a self-guided tour of the ANZ Banking Museum inside the magnificent Gothic Bank chamber and discover the history of banking and more stories by exploring the Museum. You can also join a pre-booked guided tour of the Verdon Chambers, the former residence of ES&A Bank Governor Sir George Verdon.","Kids will love the money box display, featuring 200 different types of money boxes in all shapes and sizes","Friday 24 July 
Gothic Bank museum
Open access 9.30am-4pm
No bookings required—museum capacity is limited and operates on a first-come, first-served basis

Tours of the Verdon Chambers run 10am, 11.30am, 1.30pm + 3pm
Running for 60 minutes in groups of 20
Bookings required

Sunday 26 July
Gothic Bank museum
Open access 9.30am-4pm
No bookings required—museum capacity is limited and operates on a first-come, first-served basis

Tours of the Verdon Chambers run 10am, 11.30am, 1pm + 2.30pm
Running for 60 minutes in groups of 20
Bookings required",Both open access + bookings required,,,"-37.81646609995862, 144.96175149835",,,,,
Parliament of Victoria,City of Melbourne,City of Melbourne,2026,checked,"Neurodiverse,Mobility,Hearing","Ramp or level (step free) entry,Lift access to all public levels,Accessible bathrooms,All-gender bathrooms,Parent's Room,Assistive listening/hearing loop,Quiet or sensory rooms,Social Stories","People with a mobility or physical disability can access Parliament House through the side entrance on Spring street or the rear entrance on Macarthur Street.
Accessible toilets are located on the ground level and level one.
Auslan videos are provided at points of interest on our public tours by scanning QR codes with your smartphone.  
Two social stories are available to accompany a visit to Parliament House. These have been designed for visitors who are neurodiverse who may like to read them in preparation for their visit. One is intended for readers of all ages, the other focuses on the experience of a school visit to parliament house.","Take a guided tour of Parliament House to learn about this historic building, built from 1856-1879, and the role of Parliament. Move through the Legislative Chambers, explore the grand Queen’s Hall, admire the portraits of past Premiers and discover the Parliamentary Library holding more than 50,000 books and reports.",,,Parliament of Victoria,"Parliament House, Spring St, East Melbourne VIC 3002",Parliament of Victoria,John George Knight + Peter Kerr 1855,"Plans for Parliament House were drawn in 1855, with construction taking place from the inside out. Within only 11 months, the Legislative Assembly and Legislative Council Chambers were completed in 1856 and connected by a corridor at the back. The library was completed in 1861 and then the vestibule and Queen's Hall were completed in 1879, providing a grand entrance to Parliament House and allowing for greater movement between the two chambers. 

Parliament House continues to change with restoration works and efforts to improve accessibility transforming the building in recent years and continuing to support its significance as the location of the State Parliament of Victoria and one of Melbourne's most iconic buildings.","parliament_house.webp (https://v5.airtableusercontent.com/v3/u/53/53/1779213600000/vvukx7qx2lX8yZ2MCVmmRA/qAPXKiPcKS7YDzvyZRLdVFi5pod1CfsIB5AIcJIGkAv9KJf1iLoFfxdNzM1_PcxlzzTfu4JmKpLUHpiVlkdSlRDNKKC6bPwI9OTYX2wTr7RakUraBaWqNmypszBqhgTlR6M2TK5zEq3o0wiZVbHN0z_p2bXUVoeKtYrYkPaETfk/H-WLGmb0IJUuLTwgs7lH7xbmxgB_Bn_pVMcmaoihX7M),_JMP1646.jpg (https://v5.airtableusercontent.com/v3/u/53/53/1779213600000/9WOIQ9xnZCcBE-Jg9hc--w/KnX6STnf6jlvvFhy-0Ebvo8Jr4ZXEe-vaYbevCRV5ScNvFJVfoJhXCPGcg6dnwqZ0M0vRTZFcGKL6dxwXz8RQ59s2al06G7E5kYzWCgwAbh_F63QVnawf3s2N9mxCAkOlhJDWvSPxdBxOFcJe_bPyEfH3ncDkC0tDPRoxlMu7jM/kgDsEHzckHDqenHt9ObR-crloBOW3I_Y8s8CriSA5ik),_JMP6512.jpg (https://v5.airtableusercontent.com/v3/u/53/53/1779213600000/98vplkrAuh7WCkSOOnaVZA/rge1bdLfT7Ok5qM67PV9S0pdmXR1DcJqTP1FIY6lO_ZmYy4YQh05sFmmMRTNZHIjGLIwZsOQ_FYrrSmBgQ_Yt7QDjIbAN06b-z1X0FMXSx6bcHWUhfmvAJUAASaCG74gCqrnff8d4DEO0X9vrftGLbtr2lpoz4TeF1uVbx1UKAY/DczvGMlkubC5-xOdXih6XXUrtrJ8YhNfaNdpZ1UUQJM),_JMP6638.jpg (https://v5.airtableusercontent.com/v3/u/53/53/1779213600000/KMHtLS2uz5C6C7wqraaLNw/MbeU3Q5BKRWH9YkmldHlUB9v3bjPUsltZDOdUQlB3B3_K1ifpm1oJ2C57mjLubMSSml6EO1KfHbPGVx4g5UrReKb2fctnKLbLfk2x5wKG2Hz-yV4nPOSNVFKIW9xu9rX5BCZbFY0LiJ2Dg9BCddqBYWQ9INyJtGR4TJ2Qh43d_k/Yj6_cAT7Cr01tm5Kbyp7xq5IxjUtbiOsfpeZ1ZVqbkg),1901 - 27 Federal Parliament House 1.jpg (https://v5.airtableusercontent.com/v3/u/53/53/1779213600000/ykhsR3KzNJDqQqhA2sxrqw/BSHM6_k88BzyQXpwYO9cL4Cvfzpt9Zc4ZIXv98gqFNqp7YbR4O_fEsD8D0xzxR86b-5VdRiQQ4sOtW91mp3jJ4vRIG2S4aDld8nuXjK68Vo8n7eNsk710YTNwhnJsajsvX544NaVcYj6IPod9PMw9Ekx6_pXYOqj2d0h7kdu9rtvvCh6aut_OHoFfXUpsMAO/sMut7g1y2QUwm3WWNMXEY8eFAxzqFyc1mNVkIbeQeKE)",Government,Building Tour,"The Parliament of Victoria will offer guided tours of Parliament House, allowing visitors to learn about the historic building and the role of Parliament in debating issues and passing laws. These tours will be presented by our professional tour guides, take approximately 40 minutes, and include the Legislative Chambers, Queen’s Hall, and Parliamentary Library. 

Visitors will move through the Legislative Assembly and Legislative Council Chambers and learn about the Westminster style of Parliament, explore the grand Queen’s Hall, admire the portraits of past Premiers that adorn the walls, and discover the Parliamentary Library holding more than 50,000 books and reports.",,"Saturday 25 July + Sunday 26 July 
Tours run every 15 minutes from 10am. Last tour departs at 3.30pm
Running for 40 minutes in groups of 25",No bookings required (Open access),,"Tours running every 15 minutes from 10am with final tour commencing 3:30pm 
Discussing possible exhibition/extra pieces to celebrate the 170th anniversary of the Parliament of Victoria ","-37.81087443820236, 144.973808535582",,,,,
Queen Victoria Women's Centre ,City of Melbourne,City of Melbourne,2026,checked,"Neurodiverse,Mobility","Ramp or level (step free) entry,Lift access to all public levels,Accessible bathrooms,All-gender bathrooms,Level access tram stop,Quiet or sensory rooms,Assistance animals welcome,All ages","Visitors with mobility aids are welcome to use the side ramp on Shilling Lane or the platform lift next to the QVWC shop on the QV courtyard side to access automated doors at the rear of the building. Inside, there is a passenger lift for all floors, and platform lifts and mobile ramps for short steps.","Located in the former Melbourne Hospital for Women and Children, the Queen Victoria Women's Centre (QVWC) is now home to organisations supporting women and social justice initiatives. Highlights include Guided Tours exploring the building’s architectural, social and feminist histories; We Sit in Circle, an exhibition presented by The Torch in partnership with QVWC; a First Nations Weaving Workshop; and more.",,,Queen Victoria Women's Centre ,"210 Lonsdale St, Melbourne VIC 3000",Queen Victoria Women's Centre ,JJ Clark 1910,"The Queen Victoria Women’s Centre (QVWC) has a history that is unique to Melbourne. The site holds a strong pre-colonial history and is also the former location of the Queen Victoria Hospital, established through the determination of Australia’s first registered female medical practitioner, Dr Constance Stone. In the late 1800s, Dr Stone challenged the entrenched patriarchal barriers of her time to establish Australia’s first, and the world’s third, hospital for women and children, supported by her suffragette peers and influential Melbourne women. 

Operating under the motto ‘Pro Feminis A Feminis’ ('For women, by women') the hospital occupied the Lonsdale Street site from 1946 until 1988. Thousands of Melburnians worked at the hospital and more than 200,000 babies were born there. Designed by renowned Melbourne architect JJ Clark, the building is also of significant architectural and civic importance. 

Following a highly visible public campaign led by the women of Victoria, the site was saved from demolition and the QVWC was established in 1994. The Centre continues to proudly uphold its founding motto and today houses more than a dozen organisations supporting women and social justice causes. QVWC provides community event spaces, and supports women and gender diverse entrepreneurs and artists through its gallery and maker’s shop, remaining a place of welcome, care and collective action in the heart of Melbourne. ","20250726-qvwc-open-house-049.jpg (https://v5.airtableusercontent.com/v3/u/53/53/1779213600000/JvtyldzP840i14Ei44Pb2Q/GO5_yrFcTtORdfxN2hRlwdDIt2-w2kdaLXsDRaL7NrB7aOz0js5DEpTq7q-BlEcasKtDcrdq2IisdC5p0f2kh5DjuYkfBpa17pAdZzX8xKu86LruFqNwXMwkNmPLM8zjNr9fgXojvZ5KzyIgvzXw4BRjk9y2eWj5CxaptGBzZX_ZZJFtOZ-UfSTiYuVEJ0Xn/pAWcFHdgAGiUJrYikIID08d70Fe7ew3toeaaswyxWXQ),20250726-qvwc-open-house-090.jpg (https://v5.airtableusercontent.com/v3/u/53/53/1779213600000/vyLBZFQzon5PgzgTRorbig/98QzG9B65TS9eqmx7p5u4y05cMoVD3uAmOlPjhwM3UV2xs8xWhnEw0VSEBnMzDiiTHc9wZ6b9pismFmO9XQT0JpRlL2OS7DdvL-PleiEUEocbRZMNBEcSQv3P8DcJFzDnI-O0UNoajAKqfZr0_DCtN3S0nVK-HASHVDyzw5u9zPwr0AoAYiNWZrYM8kX_D1F/o84YXeeQ_Cn-kAkPClQeHS3MA7mHkzX17DGnQtMcl60),TG3_5007-72dpi.JPG (https://v5.airtableusercontent.com/v3/u/53/53/1779213600000/xolzMQpRnbSbh23zp99pIw/DZIiOm5MvduzQzLYbiKGqjHebY1Ck3ya51dvy-zEkGBndiJn1ABsI7shkqPBzBVP4BoA7Xw46fwvEo3eitHnvIZUFoSlulLL5Y5CKntDSlNvKxgFwhj4vuo5bVVqcSSZpPPOGItAuFb-Eu_dfhHHAb6qMqSk1utHJ-BmerRLl84/wxee6vgTwuQssJ07czZrvWlVNozFR4OVVhnSneTf0SQ),TG3_5188-72dpi.JPG (https://v5.airtableusercontent.com/v3/u/53/53/1779213600000/5O-6-BmKGhpTc832qwg5tQ/vJON6b-6XtaWzLY1Hqm1QQf-E0ETRaw4PYCO6KQoS9OLP_ngU7to3xstxtT4qoVNgaYaQc4xGOzDdzYh6i7Z_4gVNQXSJ-SPj9HqF38l-1ZOU9dGNrm7_B-N13GQXsif0tXETNi83NWhtki4wEc7FLMO5HqXOWqSDQDHAJ7XPJw/TiC52cxjVj5NtxliikAi-CI6s1_MlypVdA0jGgHaQwo),2231215-qvwc-building-010.jpg (https://v5.airtableusercontent.com/v3/u/53/53/1779213600000/756MK90bRilnnhOjqDumFw/x4OKDNyFVnKbVwy6yX4LSkJei3h8D4-v3INDj0TZBxyNRqnYGcBy6xtM_fKnkqH3z_GA3-7f1qaFWocjkkBq5r1g_PPsa5abRrGhnu1vg7gWxtwqt2cosi6p2kjfUYhKk3bKVg8wY7iviDkMq9CX3m-SGw778tYN6dPQXichncegnT0a4SSnuomM-iCz58ft/B0mee2yvj2IH-5kW52JOwdsi36gui-w_tI9vw1lzmRk)",Cultural,"Open Building,Building Tour,Site Tour,Exhibition,Workshop","Guided Tours
Explore the building’s architectural, social and feminist histories.

We Sit in Circle
An exhibition presented by The Torch in partnership with QVWC.

First Nations Weaving Workshop
Facilitated by Trina Dalton-Oogjes, this workshop connects to the Centre’s Indigenous sculpture Creative Resilience.

Displays
See a curated display of archival material telling the story of the Queen Victoria Hospital; a display of Ruth Maddison’s photographs of the QV Hospital, taken in 1983; and Ilana Rose’s photographs of the QVWC build in 1996-97.

There will also be complimentary tea, coffee and afternoon tea provided to visitors.
",Children are encouraged to participate in the weaving workshop. ,"Saturday 25 July + Sunday 26 July 
Open access 11am-4pm
Tours run 11.30am, 1pm + 3pm
Running for 60 minutes in groups of 20. Bookings required
Weaving workshop 1-4pm. For up to 60 participants. Bookings required",Both open access + bookings required,,"Original accessibility text: 
Visitors with mobility aids accessing the centre from Lonsdale street are advised to take the ramp on the western (left-hand side) of the building along Shilling Lane. This will direct them to the automated doors at the rear of QVWC. Visitors accessing the Centre from the QV Courtyard, eg Artemis Lane, will find stairs connecting the QV Courtyard to the rear automated doors. Visitors with mobility aids are directed to use the platform lift, proximate to the QVWC SHOP, to access the rear automated doors. 
Within QVWC, a passenger lift can be used to access all floors from ground up. The lift has a doorway of 90cm, an internal depth of 209cm and a maximum load of 1125kg. Much of the Centre's offices and venues are accessible, with platform lifts and mobile ramps provisioned for raised doorways, short steps and other such obstacles, with the exception of the basement which is exclusively for Resident Organisations / not available to public and accessible via stairwell only.","-37.81058391833173, 144.9658324558239",,,,,
Victorian Archives Centre,City of Melbourne,City of Melbourne,"2025,2026",checked,"Mobility,Hearing","Ramp or level (step free) entry,Lift access to all public levels,Accessible bathrooms,All-gender bathrooms,Accessible parking,Level access tram stop,Assistance animals welcome,Auslan interpreter available on request","If you require an Auslan interpreter, please email media@prov.vic.gov.au by 9am, Friday 10 July, so an external contractor can be booked.","Take a guided behind-the-scenes tour of the Victorian Archives Centre, including the archival repository, and hear from staff from the Public Record Office Victoria and the National Archives of Australia. From love letters to government snap shots, delve into the people and places captured in the archives. ",,,Public Record Office Victoria,"99 Shiel St, North Melbourne VIC 3051",Victorian Archives Centre,Bates Smart 2000,"The Victorian Archives Centre holds Colonial, State and Commonwealth Government records in the collections of the Public Record Office Victoria (PROV) and the Victorian office of National Archives of Australia (NAA). 

Let the knowledgeable staff at PROV and NAA take you behind the scenes and into the heart of the Victorian Archives Centre, the archival repository. Beyond the airlocked doors, in a carefully maintained dust-free and climate-controlled environment, there are over 100 kilometres of significant records dating back to 1836. Here you'll learn how records are selected and preserved, and take a peek inside the drawers, boxes and cabinets. Historic records from both collections will be on display, bringing to light the narratives contained within the many maps, plans, images and documents. From love letters used in a criminal trial to snap shots taken by government photographers, delve into the people and places captured in the archives, including the stories of those marginalised by history’s selective memory. ","Monster petition photo in repository.jpg (https://v5.airtableusercontent.com/v3/u/53/53/1779213600000/itQFecpv9nmU7NS2o2Oouw/xHiN4U_3Sph3W6wPuz1cpmxWNwxrdq6J0lTHKFCBdLtxdJLTUxz0E07hMrQfm6UryUp8rx_ebs4Si6ncGt1irnemLCozwKhqjiqtBs2IvFriKuYWpqMcww6pYmpWA3IIm7vL6FyC-AWzzlSa1kcugyeWwYQhuytKjqWLgBsAlYRaf2wQeCD-7GK8ben2hRPs/j21YCAVqs_Lx2RaYp8fdGnRZ2QFK_8231CZ1GPyZRRE),VAC exterior.jpg (https://v5.airtableusercontent.com/v3/u/53/53/1779213600000/SOE2F4R61wPzw_PnH1rK8Q/xB24GVE460K_Ic7HtG9BFcobC5NZmNx4BgsFONGQcxD6bHJsaCGZo_Y5Q878pveZMiy6a_Z4bwh5UbJrNZEW1B2Vf61cYB52Qi7q420SasQHWRvqfZK4Z6Yvj_lwsD90_lnZ__SBtANgvPQFkA7Arym4YthcPnE_KTkpcixmXvg/DpUNTe6cP_mKAQDsoE8l4eCEZEspdXgkj70rE1w3ZNE),Courtesy North West City News.JPG (https://v5.airtableusercontent.com/v3/u/53/53/1779213600000/ggTzyW_YzfslT9ljhCUE3A/qgb2hSGpEhWeH7-jEnDFnoaSIfSI8SFy03lFA3MpMeBILDfEHY8lD7Z0A0SJj1Pner4XGHLOPewhZ7nl6Za2TMn8G1sLsrcB9q_4hHNL7iFeKWm0hc1k8m1nL8D79Q2Y6jWkk29JlydQ6KoyQ1S2J8HKijtDyiRodDRfVFvBooMnNorFe1QpM2TRHgwbmH2l/QHhYC4BWwpSkdInPolhgKV57e7BMzb6i9_vO5JGUHMk),Looking through the map plan chest drawers.jpg (https://v5.airtableusercontent.com/v3/u/53/53/1779213600000/lKSJe9ptktSCRhL-A6FCpg/HsrjIO82809PNcK2v1euYXCPzqJQmLQksX0bfaQq6Px31ptcGhKyz2smHFp9BcC2HTDFVItP0e034pXUnmkVDwhKLA5xZZHMi2WpJl653FoikCF63vXfVLqowU9WSR6UvrF0KiOVXFKDVel7XYqFqXXOjztjo1j0TfL_ygaH293mvBKjbWZCHqLjR8Ljh9HJMCI9qXlZ4ZcfHICVhLvvqA/kETr-75nV4HG1e19wmGfgI9xT1RywSnY1F-U4E92Cu4)",Government,"Building Tour,Exhibition,Open Building","You’ll be taken on a guided behind-the-scenes tour of the Victorian Archives Centre, including the archival repository, and have the opportunity to talk to staff from the Public Record Office Victoria and the National Archives of Australia. 

In our reading room we’ll have records on display from both collections, giving you a glimpse into the lives captured within the archives. Meanwhile, in the Victorian Archives Centre Gallery is our new photography exhibition Rehearsing the City which explores how public space evolves in creative or unexpected ways, through historic archival images and work by local contemporary photographers.",,"Saturday 25 July
Open access to gallery exhibition and reading room 10am—4.30pm

Tours run every half hour starting at 10am. Last tour departs at 3pm 
Running for 45 minutes in groups of 25",No bookings required (Open access),,,"-37.79628396381408, 144.9422071865079",,VictorianArchivesCentrePromoClip.mp4 (https://v5.airtableusercontent.com/v3/u/53/53/1779213600000/sXFehsLwPMKGQkA4w5IcrQ/J67a1K4NshGL4RgfGgjk7r2-Zn4l8noz8vzOwdbkUlc2cC8rqp3ha9HmvgKP98UtHff7TsyP8snyojcHZ8JWzUYGGVwLjLJ6CJbsKJIUUhzNsioFkAe74ZaDhIVg96LH16f2GeyU0Gw_b9qaVVtu2iFXD1eQ4An3fNwnlQDWMTJgEU8TuO49EiSg-RHb7SUs/viTczMJXIAR2o_ygimBv6euQ1TUB_nK0sSRy_caUJ7U),,,
Australian Centre for Contemporary Art (ACCA),City of Melbourne,Melbourne Arts Precinct,2026,checked,"Mobility,Hearing,Neurodiverse","Ramp or level (step free) entry,Accessible bathrooms,All-gender bathrooms,Accessible parking,Auslan interpreter available on request,Social Stories,Assistance animals welcome,All ages",,"Visit ACCA to explore our iconic and award winning architectural building designed by Wood Marsh, and experience our current exhibition Are you lonely tonight? I’m so lonesome I could cry. Join us for a floor talk with the curators, or enjoy a free exhibition tour with our Visitor Experience team.",,,Australian Centre for Contemporary Art (ACCA),"Australian Centre for Contemporary Art (ACCA), 111 Sturt St, Southbank VIC 3006",Australian Centre for Contemporary Art (ACCA),Wood Marsh 2002,"Completed in 2002, the Australian Centre for Contemporary Art (ACCA) is a multi-use facility built for the Victorian State Government in Melbourne, Australia. The project combined the existing infrastructure of three organisations—ACCA, Chunky Move and Playbox—to create a unified major presence in the arts, and form a precinct with the existing Malthouse Theatre building located on the adjacent site.

The building references its primary function as a sculpture in which to exhibit art. The bold form and materiality of the façade create a strong presence and express optimism, and create the sense of a robust laboratory for experimentation. Those using the building are meant to feel comfortably challenged.

Referencing the warehouses and foundries that once occupied the site, the predominant architectural vocabulary is that of the shed: steel framing and taut metal skin. Coupled with the single dominant cladding material—large insulated trays of Corten steel—the sculptural form simultaneously alludes to the Industrial Age and natural landforms.","""ACCA Facade, dusk view west (John Gollings) 020921 acca duskmaster_2vertcmyk.jpg (https://v5.airtableusercontent.com/v3/u/53/53/1779213600000/gvs-BG-nyCWl3e4ocqZlTw/U87Gjpg6MuxBTVrZW7fxVCGcOdy5K60ITy5Hs8UQvJ91Lq0yb3-nde6SUEC-E0arHVrc5uwMDnWAovVQMO12Uqd-DYWVN29Vw8kh0eG9UiEukHc1kCARgg5hWm6qPqzPXSC2-GZ0jrxnV-ta_yihPClXgOuf43QlAfj5uQjDn1aJhjt2RgdM5i98gY_ToEhZbGL8cBLIlhI85tOglzO4SKKyvnsuvYUKbp71pUFydAI/qedtp2xk6gshxIvGrvz8c5qF7J_aKgl-gdWPHabl00k)"",Lonely.png (https://v5.airtableusercontent.com/v3/u/53/53/1779213600000/msuvKUx6GJvfOgXzrWltbQ/OVClxKWYgKVU5KIsgXluekwXShqw2hs7FDdnnopt9I-tvWrw5DR2gx_KFRcojN8P7SixoGrdtY5ghWvrZYSsaUNPtvjmov82CRzNXnjlIPv_pHdiNi86TPYyx1mxGXbupIcmhcSdmKQZ1aB6lo6MfCmOHfeBXf5lvQPrKwfkrDs/nFnFPbHnVmi0sckwWbOFh2PCvBtsY91g5GjSJ00GEoI),Myles Russell Cook.jpg (https://v5.airtableusercontent.com/v3/u/53/53/1779213600000/qVNNWRwKKBhK2l3SDawePQ/fZnjnCS9ON7YPZWEDhamP29yCkcZfsSEcD0mvMhQU8J9KGNVBLCjO27rQDXxtKsZHfs2_ruIgX_LVAklbCGudibi3oKx3enyGOKYDRq9Zsg7-VT0fI8iLm1vfH7KcIgXbNSaH1RQm0JMbVMgGN0fhl9s1f4i0MmnLHf79xpjNyo/EWAWYEbH4oU0Ef3oFV_sgCulDQogTZ09srkGhUqqB6w),Untitled design.jpg (https://v5.airtableusercontent.com/v3/u/53/53/1779213600000/u-XS6sp6aWgEo5ZCtP-ejg/HKFSzou54oiuy4YiNVpSoT9Kl945GWqGtchr33EF1vX3fLB7BPQz7luVaNW54IR7x2A1Q4jDOpy6r9n1GZVlpu-k2ADIEeeh65TxQVB-_KKJR5e_tZzKz3WBDx-3P8XArwVGekKnkRBO0AePoSqKQKAhIWtkxKlLQSiQ840kpxA/jiafgauUkvnfE-uO5U_Xibz8-kSij0rsK4u_V-UxZss)",Cultural,"Open Building,Talk/Presentation,Exhibition","Visit ACCA to explore our iconic and award winning architectural building designed by Wood Marsh, and experience our current exhibition Are you lonely tonight? I’m so lonesome I could cry., featuring work by artists from around the word, including Polly Borland, Seth Brown, Lucy Liu, Kayla Mattes and Martine Syms, among others. Entry is always free.

On Saturday, join us for a floor talk with curator Myles Russell-Cook.

Want to learn more about the exhibition? Join us on Sunday for Art in Focus, a free exhibition tour led by ACCA's knowledgeable Visitor Experience team.",,"Friday 24 July
Open access 10am-5pm

Saturday 25 July
Open access 11am-5pm
Floor talk at 3pm 
Running for 45 minutes in group of 70

Sunday 26 July
Open access 11am-5pm

Art in Focus tour at 3pm 
Running for 30 minutes in group of 20
",No bookings required (Open access),,,"-37.826727635469645, 144.96658553735622",,,,,
"Koorie Heritage Trust: First Peoples Cultures and Songlines in Art, Design and Architecture",City of Melbourne,Melbourne Arts Precinct,2026,checked,Mobility,"Lift access to all public levels,Accessible bathrooms,All-gender bathrooms,Level access tram stop,All ages,Assistance animals welcome,Ramp or level (step free) entry,Accessible parking",Lift access available to all floors of the building. Wheelchair accessible bathrooms available on all levels.,"This stand-alone First Peoples arts and cultural centre is the first of its kind in an Australian capital city. Join one of our experienced First Peoples guides to explore our building, collection and exhibitions. Learn about the design and why our place on the Birrarung is so significant. ",,,Koorie Heritage Trust (KHT),"Birrarung Building, Fed Square, Cnr Swanston & Flinders St, Melbourne VIC 3000","Koorie Heritage Trust: First Peoples Cultures and Songlines in Art, Design and Architecture","Collaboration (led by Lyons Architects) between First Nations architect Jefa Greenaway of Greenaway Architects, Lyons + Sam Hunter of Architecture Associates 2024","The Koorie Heritage Trust has expanded to occupy all three levels of the Birrarung Building at Fed Square. This has created a stand-alone and independent First Peoples arts and cultural centre—a first of its kind in an Australian capital city. 

KHT has worked extensively with a design collaboration (led by Lyons Architects) between First Nations architect Jefa Greenaway of Greenaway Architects, Lyons and Sam Hunter of Architecture Associates, to develop a considered and beautiful plan for the interior design and fitout that reflects Country and place, and which responds in a culturally sensitive way to both organisational and First Peoples community needs, values and aspirations. ","KHT-JAMES HENRY 1.jpg (https://v5.airtableusercontent.com/v3/u/53/53/1779213600000/PmLhhr-0UxYeL39i0i_-Jg/P9o9nmJBGHbt-mgDD0lMEI7DPogEqAKmi9Qx9eGxGQjcK_a4kaHhlmdipBx2pebNkOkS8fWLDQDSWRtS8woT5zFQvrIg4V2zEGjoH9i5hQnIxt_0B1PEoj8iuMDNKpe7aBqYes7IwA_efA5Hg_8H1sQ1rbDyNphRRwtStDpT3Dk/j8wwX4sB_XdCvLyYtqdTXzfe2h7HeohcIfRmUtbyQl8),KHT-JAMES HENRY 2.jpg (https://v5.airtableusercontent.com/v3/u/53/53/1779213600000/7emq5-DTIAmEo3T9zdubBw/BqaVGcGUHWUYImMsFF_I6MGJYpZoqpE5Hv3FVkmVwbVlwR2aujfgju7hJAEw08koUg6OILHipz_oHb7oxskOPmHk6eoJ-_KN8_roMr4B8mge4FMQNKzvKkDrlkR01qC2iBPkmBliaIywEvRrNRcW1IqYsAdN6CFgE0C_Uf_PI7Y/jLxC5j3_1ZFLVi0yNTFuusOcK9hfgQQmB6AFHVJZG14),KHT-JAMES HENRY 3.jpg (https://v5.airtableusercontent.com/v3/u/53/53/1779213600000/DOjIEjvwkGbFITZXnokC6Q/j6AllrJpG54r4EmfN9ax40IAAnxT0dXGHXscHSWDj9b9V0JitKHYcD5BIV0vv0AhNXTQdIwJ2q-PYAStubE6n-w33f3zResilpzPxtu-9we03mG0X71w7bu6XWc0B8uM7dzz6ZMdoYglwjeHyW2v3rpKeK2R8hIxZCmOY05vkfM/MzOzsNoahCbAGCCsgRbcwZVVMZimp9XW_XqdZHwPJ9A),KHT Interior by James Henry 2023.jpg (https://v5.airtableusercontent.com/v3/u/53/53/1779213600000/S7f3XRejF72Ymv2DHRJvTA/gZicTxz8fot88RLvB9c222NtnjRTcmweYggHzFRIY2u1oej_N-jsfRw2MoN4J5YHRsfAJps2KRz7_YeO6wu-oATxLf1mr8R3Cn16dnADofCVCONtJKgeQhC_7dWFqDgGEVz5Yc18heBV1IGSFOqvy0I-Zo0GWjlkll6b93LGpc1BWE5VG1N_Q2DgPdSkjevo/rfCGb3zAsblrhkArtxwPxgr6-qFLRAWzeJgH1Qia2Ts),KHT Interior - James Henry 23.jpg (https://v5.airtableusercontent.com/v3/u/53/53/1779213600000/1EpHFp_wTEh4we2aCIMJ_g/q0Jy6R01Ckkh8ZRo9rtbkxDgpha9Jno-HXyks_xWceSNK3C7ZHLzAugGV7_5f53NkqJRkMoDeDDPv7g1Lwo_gYNZDrMdL7iOvMwyBD8N24aaFeECx4g45vMzICJudu9-09XB_583zNdf8k7zqeNhUwFl_i7FMT3AWr-FNex1Fk_21qVgM4EQMZGg4YJ8gH3c/fQjjKIBjLY7h0zOj-0uD5tJ_GBzfttEuE_0rI4yFZsU)",Cultural,"Open Building,Building Tour","Explore our award-winning interior, find out about the design meaning, view our exhibitions and peek into our vast collection of cultural objects.

Join one of our experienced First Peoples guides to explore our building, collection and exhibitions. Exhibitions running will be paintings by Uncle Ray Thomas, and an immersive audio visual installation occupation studies: ngayanhurra bayarral Birrarung (they tried to tame Birrarung) by Tahlia Palmer & Jasper Cohen-Hunter. Learn about the design elements of our building, the way the space is used as a cultural hub and why our place on the Birrarung is so significant. We will have video from the architects also playing in our Moogji Lounge. ",Kids will have the opportunity to make a badge about their visit to KHT.,"Friday 24 July + Saturday 25 July
Open access 10am-5pm
Tours run 11am, 12pm + 1pm
Running for 45 minutes in groups of 25

Sunday 26 July
Open access 10am-5pm",No bookings required (Open access),,"'-
Original accessibility (condensed):
While Fed Square's cobbled ground requires some navigation for those with access requirements - there is extensive disability access, including wheelchair-accessible ramps, lifts, and designated pathways across its main, middle, and upper levels, alongside accessible toilets and 24-hour paid parking. While the main square's cobbled surface is uneven, a marked, smoother path is available. 
There are both stairs, upwards travelling escalators and lifts to all floors of the building.  The building overall is generally quiet and the exhibition spaces are low light.","-37.8179475041245, 144.96913379325395",https://vimeo.com/954215645?fl=pl&fe=sh,,,,
Melbourne Electronic Sound Studio (MESS),City of Melbourne,Melbourne Arts Precinct,2026,checked,Mobility,"Ramp or level (step free) entry,Accessible bathrooms,All-gender bathrooms,Parent's Room,Accessible parking,Assistance animals welcome,All ages","There are accessible public toilets and baby-change facilities located in The Atrium, next to MESS. For more info, find accessibility information available on MESS website.","For two days only, join MESS at their new studio designed by Sibling Architecture. Drop in to explore the collection of electronic musical instruments, or join us on Sunday for an insight into process of designing a space that is both a living museum and a working and social studio. ",,,Melbourne Electronic Sound Studio,"The Atrium, Fed Square, Melbourne VIC 3000",Melbourne Electronic Sound Studio (MESS),Sibling Architecture 2025,"A quiet and creative force in electronic music for close to a decade, Melbourne Electronic Sound Studio houses one of the most historically significant collections of electronic musical instruments worldwide. Affectionately known as MESS, it is so much more than a living museum—it's about connecting people and creativity. 

In August 2025, MESS moved from a decommissioned freezer at the end of a laneway into the Atrium at Fed Square. In its new home, MESS has made an ambitious step into the heart of this city’s cultural conversation. 

Designed by Sibling Architecture and built by McCorkell Constructions, the new studio reimagines how MESS interacts with the collection, members, students and, for the first time, the general public. It is the result of MESS and Sibling reckoning with the tension of bringing an intimate creative space into a public-facing location.

The design by Sibling reimagines the space to support the studio's hybrid roles as a living museum and working collection as well as a working and social space. Like the artistic community it supports, the studio is bold, open, utilitarian and action-focused.","MESS Open House 1.JPG (https://v5.airtableusercontent.com/v3/u/53/53/1779213600000/IPsiW4QynPkzprmBXVXLIA/sFGGme7RxyuISiGgTsdZs8aKPx3gG0-z-KvWIaauS51qAkT4WoBQblO2r8sbM_9Qas_22yErHtdd41Af8LptSxyPuiKYF9MM6DFtQ1Eft9NwQNKEYv_B64uHY0MZDw1htOdZilzG1XC-dkx-kn7ZBRBFHPfTBLMYrtOKQ2INgcg/L6kL2aETrFiAIifpPSRmGNSTHK9dLjkZpCBYy5tEaRY),MESS Open House 2.JPG (https://v5.airtableusercontent.com/v3/u/53/53/1779213600000/L7xhmOzflXcxIcszOk8ttw/lbh0OC2XZ0BYoax6-0yWbGzs70XrmYGyZaYu92Z6LRIuN2lIuCsPVtHPqs7azzKt6uDYr6KLXbfhPLSdJYCcBn-CgaBDKfxlB6-WPaHie7zliPBCyJovjQhDOz9uQYeU8ZkODAmB2d7Ga4rco0b5ifpaRtMK3LN4DHasO2YWunE/g6YDz25NTQu9zOOchk9bC_XKJFfSm758nwKQp3T7n6c),MESS Open House 3.jpg (https://v5.airtableusercontent.com/v3/u/53/53/1779213600000/gMdoaK7i5IMT1OpWCNjvcg/_Y8dmRsRdyaQril0Kua2tAij75f2wd5Hbs9GXLFD1ttjxe0d0yvUbKszs182Obdtc1g-1uqbYxe2SDvzwoC0t6W0nyF122AYxmxBAOYGdWomjKPV59vc1TyU9aj1T9jVeTmohheTmzibQ5bqhCzRGtXS2m78AYcBwNcsvMWYj5c/6zzDqRaMxYUQ6P3TeqS4LMvTxHJ8vLDbNrlZb6xgz04),MESS_FedSquare_Opening_LMG_5768.jpg (https://v5.airtableusercontent.com/v3/u/53/53/1779213600000/OPp8ao4zui5dgeFnBl0_4w/k9R4tUabEclW33MahROfm3U_3hzY74wwfPXD0G3Jt4GvBCATUmemUn9JGO1KStEAgu-K6qGi_iB4_wFIVpPqqvlLw8Uknf4tYKnFmGg6afxP_FDrIq1_Gsdy7bLnpXozUeSq3Tmzxr6eUZuAjJ1dWETf9WFFMt2rJAv2RUqEKuCTChDxSmgCVWFNxa4oAGZl/UpUR5lBBhYfkEufACvGHbEfdjfwHZcYTEFBUCknPRuA),MESS_FedSquare_Opening_LMG_5873.jpg (https://v5.airtableusercontent.com/v3/u/53/53/1779213600000/Y5zR7xQsOjDcFf6Nv1S1LQ/rA2KG_Fdt6pI7_j1l_hNFR4mViYc4wpMD60Fem9pKhXMLnh9quhPqvPMFUPBShJCAQTkM2mjNhubIIXv7WG41B-A_gxXQh_xFJwLd5nI0Ixq6xqM5hq5cUnDRpGKxD5k-6jqFvIe-14oX5WNjAbwxbUV5mcGMfVQeiikW2V06VaN_PG6tChuW3jtASaLnsU0/s8-LqBjAEDHJaAzq7ywAcekwL_forTHgEAPhiv40kss),MESS_FedSquare_Opening_LMG_5906.jpg (https://v5.airtableusercontent.com/v3/u/53/53/1779213600000/Xf2uA82MalwuPkq7_D_4ew/s9SFsN4VQHzlP2I2_SOCDUdtRnOl1l_HDf6KBvUyerVZhDMZ5iM0ChNz_fkwlRIG6n4gwbSyx5nsKre0fHWrANGwHsKtZbFf3Bb1aDmqXDzqs84VdKmL3v3F6ZvJf3ZVPMK2vfty-aMtlC-5vCKMmPgEsD9R-5y5E4JjzQeu4Ighvfw03qOA6RKumeC93twa/2pLGJsdeQsoY8EzChvdEYq-qwtsq-fIelIL1fU-iZ0s),MESS_FedSquare_Opening_LMG_5840.jpg (https://v5.airtableusercontent.com/v3/u/53/53/1779213600000/kY0oKHhWAXqBwKyWNWyoGQ/kLLz_kSIPz-6dG8Qp_qevqYthCTcOunIP6qzY0Bs1cOknnrKE6CR2O_aZjAFbhJcIkRJNajko51R8Y5fM7_lfzf-xjQr9PSfcujUiDBicQBXUA4mePK8yI-QeTeNBtieb8P8s92XnEwkL9pWEZ587Y6SpiScjFy19OJ8nJoc_vclYt0kk5lLkFmuiYwTRNKL/ubRzEsAEr4GC8e45v1GqO1E7V0svUKw1ANh8xjPPYIg)",Cultural,"Talk/Presentation,Self Guided Tour,Open Building","We’re throwing the doors open for an open studio! Enjoy this special chance to access to the MESS studio, ordinarily available only to members. Facilitated by MESS studio staff, hear the stories behind the collection and explore a creative space of social connection and artistic excellence. Selected instruments will be available to play.

Join us on Sunday to hear Director of Sibling Architecture Amelia Borg discussing both the design process and how the project reimagines the space as a place for exhibition, making, work and gathering.",,"Saturday 25 July
Open studio 10am-3pm

Sunday 26 July
Open studio 10am-3pm

Architect talk by Amelia Borg of Sibling Architecture 11am
Running for 60 minutes",No bookings required (Open access),,,"-37.81752322761892, 144.969410464418",,,,,
Melbourne Recital Centre,City of Melbourne,Melbourne Arts Precinct,"2025,2026",checked,"Mobility,Hearing","Ramp or level (step free) entry,Lift access to all public levels,Accessible bathrooms,All-gender bathrooms,Level access tram stop,Assistive listening/hearing loop,Social Stories,Assistance animals welcome,All ages","Public tours presented as part of Open House Melbourne require patrons to be comfortable with walking throughout the building in both public and backstage areas. These areas are designed with accessibility in mind, however there may be times where lift or escalator access is unavailable.  ","Come explore the sounds behind the honeycomb with tours, digital concert experiences, and the opportunity to perform on the Elisabeth Murdoch Hall stage as part of Choir 3006, our free community choir where all are welcome. No singing experience required! ",,,Melbourne Recital Centre,"31 Sturt St, Southbank VIC 3006",Melbourne Recital Centre,ARM Architecture (architecture); Arup (acoustics); Lendlease (builder) 2009,"Since opening in 2009, Melbourne Recital Centre has evolved beyond a venue, becoming a cultural cornerstone, a creative force, and a community ignited by the power of music. 

The building features two striking performance spaces, carefully crafted by ARM Architecture to bring musicians and music-lovers closer together. The Elisabeth Murdoch Hall is lined with exquisite plywood panels of Australian plantation hoop pine timber, designed to resemble the back of a beautiful instrument and provide greater acoustic intimacy across the 1000-seat auditorium. 

The organic acoustics of the hall extend to the  Primrose Potter Salon, an intimate 150-seat performance and event space. Melbourne-born composer Percy Grainger’s 1937 graphic score, Free Music No.2, is inscribed across the surface to inspire players and audiences alike. 

A 2007 gift from the Kantor and Calvert-Jones families enabled the establishment of the Centre’s self-presented artistic program. Elisabeth Murdoch Hall is named in acknowledgement of this gift and named in honour of the Centre’s founding patron, the late-Dame Elisabeth Murdoch AC DBE. 

In 2018, Lady Primrose Potter AC continued this transformative legacy, enabling the Centre to flourish in the next decade and beyond with the Primrose Potter Salon named in her honour. 

In 2026, construction commenced on The Peter and Ruth McMullin Beacon. Positioned on the uppermost level of the building, The Beacon will offer spectacular, uninterrupted views across Melbourne’s skyline and become a place for audiences to enjoy a variety of musical experiences.",Melbourne_Recital_Centre (29).jpg (https://v5.airtableusercontent.com/v3/u/53/53/1779213600000/K_3guoktI6Yx3cdHuOGs_g/aa_N48sv62TMWPlvpaTMrI8i8eLBwLLKj4AKGU7byA7SSPjWwKXTBwrr-X7UZaf02a7If_236I4pwtgC8s6f7Ib-B6iP_VtjF4nFKdonEZNVCDZ5YMJdrnoWVgisD73PhI7shBGhASgmRfPHkE6Ak067pTLMq2oadzJJRCevhK9GcwTBJbrJMucMiA7jTocq/PCWnU5Q8STa_DkWDg9HwSVipPT7qqurDUhXrFcMi0TI),Cultural,"Building Tour,Open Building,Virtual Tour/Event,Live Performance,Talk/Presentation","Come explore the sounds behind the honeycomb with tours, digital concert experiences, and the opportunity to perform on the Elisabeth Murdoch Hall stage as part of Choir 3006, our free community choir where all are welcome. No singing experience required! ",,"Saturday 25 July
Guided tours run 9am, 11am + 1pm
Running for 60 minutes in groups of 25 people
Bookings required

Choir 3006 session starting 12pm in the Elisabeth Murdoch Hall 
Running for 60 minutes
No bookings or singing experience required

",Both open access + bookings required,,"Backed by Victoria’s music community and the visionary support of the Victorian State Government, Melbourne Recital Centre was founded on a singular truth: music transforms lives.","-37.823519861637216, 144.9677105883516",,"1. MRC Exterior_credit Mark Chew.jpg (https://v5.airtableusercontent.com/v3/u/53/53/1779213600000/LAXXtT1vYLw58NFx_p4Dbw/tP7Ps1yU5ljgvFLXGJtb6ASviyp6tSUhfsBzJZIWfWYMU3NYQ2C-bo-SfGlc_UpHPdbFXWAGp19kPshrMeJj1c_eC7Nzh3MaWqhUi93P1O7VU-q4dUm2wN6Fd5xFOzJIUJUlwWjxn2pZZNQg0qAUxGiG0FIEdNY2bScN0-R6E8RMmPlrIMVYi5oSntSfBVbf/3lliIwswEBfRFuH2da4FDjgclkZ8y3zc7NyteH7mweA),2. MRC Exterior_credit Mark Chew.jpg (https://v5.airtableusercontent.com/v3/u/53/53/1779213600000/5hrZdwdPTV1kdq4YXKRj1g/d_cApPeZxu78HYyEssyQawVJQEPVokJLNHVeqMhyDaXUkUmRGvWU_q4smpw1RxSm1e-g-oFuWJc6YV-glOLblZDmY-quJX_JSOD5HA6s-ZhhqVLKaNTKJrnX8rEM2C0FU7Y_7Bdv_8kOTd-AEPrN0w0JBIbcgGZJwrsHnHyuWN2ad4fajyYzNTGtGwbpnQNJ/KdlaVf1c2bKFmcG12EsuZUA33qZCmVwEhwCO5COZWvw),3. MRC window_credit James Knowler.jpg (https://v5.airtableusercontent.com/v3/u/53/53/1779213600000/Js9bWIEFcpIlC1w8TQQNNg/iJrIq3Fhu8oVEcAiM4dgiDuvDfDjrmG03fymDFP8uWtiPJKtMNVgctKB8vhDqS7Zu5t4rTmUys7kWAHRHQqg7A1P31Yj7LyDndAPXLIBaEav1pr72D3jJlDVELydZa_uP3bdgcawBOzFv4H7n53SfSPXhgV5dovojcPc1w8vipTxKDUg7rkb_OPQaks_6OL0/HfK5nA9MSvSIwaQf5Zgyg3xXsl4eIGrMchfh8T1N7lg),4. MRC Chandeliers_credit Peter Glenane.jpg (https://v5.airtableusercontent.com/v3/u/53/53/1779213600000/ESZNC4h4zNrDrkb_ghGbig/94HXCnMvo47J_deuDxGZg7ehCIiOD6O39bRsr8gyN6D17Lup2RgE3ZeCaVNwOPawDk_EZO3adwE59Eq44uhhzX4UDYDJITjontzvCqcLilFOiCdX8c6LqGy2qsLJlhybgSUfs8oPz4UUGQO2eIH-C5kF3w6aZn8i7gnuK8Zv3Pz2t68tGvr8lKIGUOkhMzDpz-gZ7tCRcCGQy4pU7bBBoQ/rTABGjJRSaeuy2MTZMS42Yp1axnnUAfVD4OQedWHjlA)",,,
Shrine of Remembrance: Stories in Stone and Landscape,City of Melbourne,Melbourne Arts Precinct,2026,checked,Mobility,"Ramp or level (step free) entry,Lift access to all public levels,Accessible bathrooms,All-gender bathrooms","Access to the balcony is by stairs only.
There is lift access to all other parts of the building.","Join us for a curator-led tour of the special exhibition Eucalypts of Hodogaya at the Shrine of Remembrance. Exploring the story of Japan's Yokohama Commonwealth War Cemetery, the tour reveals themes of reconciliation, care, and shared humanity, offering insight into how design can express generosity across borders and generations.",,,Shrine of Remembrance,"Shrine of Remembrance, 100 Birdwood Ave, Melbourne VIC 3001",Shrine of Remembrance: Stories in Stone and Landscape,"James Wardrop and Philip Hudson 1923, ARM Architecture 2014 ","The Shrine of Remembrance is one of Australia’s most recognisable civic monuments. Completed in 1934, the building blends classical architecture with symbolic design, drawing inspiration from ancient mausoleums while expressing a distinctly Australian identity. Its geometry, materials, and alignment were carefully conceived to create a space dedicated to reflection, memory, and shared experience.

Beyond its monumental form, the Shrine functions as a living public place. Expansive forecourts, landscaped gardens, and open vistas invite visitors to gather, pause, and connect with Melbourne’s history and civic life. Light, proportion, and spatial sequencing shape the visitor journey, reinforcing the Shrine’s role as both an architectural landmark and a deeply human environment.

Today, the Shrine continues to evolve as a cultural and educational destination. Contemporary exhibitions and programs sit alongside heritage spaces, creating dialogue between past and present. This layering of architecture, landscape, and storytelling makes the Shrine a powerful example of how design can foster contemplation, inclusion, and collective understanding.","Shrine aerial north_GollingsPhotography_highres.jpg (https://v5.airtableusercontent.com/v3/u/53/53/1779213600000/2iyQkp0u72n8hkT2xrK1Xg/lfPG-0fjQ3L7i2823TWfdpJQOdQck879VajNNayqbb0CuO9ZWHd7ed29NnhlBnFcBNrg7FRuuiciZYrnaDuLcKLeQgF7qBa_YFKCEHc3YdurLWpMW6c5gg0wFmehuVfh6IOyaCVdLC0RtP39Wp7HZ4TdwoheGORngvTfiEuHwsYcFZeO2vO9BbrgtYprN9EYACwVwXpic4GeFEIbbmvTvA/EFP98O9RVq77sQCKuUJ8anZ6K09Zu8P-FfFLsfSEpAU),Image credit Anoma Pieris 2.jpg (https://v5.airtableusercontent.com/v3/u/53/53/1779213600000/wPJdcjDpvCbYVzu5dUtj-A/2BtLmC2VfZgZl6GMQjO8led58D0WrWbQ1SO5yvstdutjI7iPn1-nuDESioXH0sRat1kFDEYS672vDFXNqPIO1NOtvetthJCbOA3x2JXXGniIlTdnwExE4iXqVeGRn-pCMQvSj-XkBk2Xy8h7Kdrq9_RGROtM09n0pJMUAx2YYzP3BrEwuiGczczDgUeVBX1E/tsGQnZh-ONCrnbjBAzipZQf_A8CmMS0DKJVqJdvdEto),Shrine II-062.jpg (https://v5.airtableusercontent.com/v3/u/53/53/1779213600000/PzU3c7GzXiuJYruP7oitow/CU9M9cn9eQ9_AsbejX8a0w2WIsi9TFTBWaDhxv_S8frJFpAiiBBC0NjFLLVSzDvqCdIRx3w2GVj8wcDe63_QtmwfFwaa4FZBrWIdVzRa381e1u3gt7QHv66XwXBJVOKa6dTrTv73scN0jqsJ5Q7e2NeNv9q_GUgAY-kUq51lOVc/gMRId7bxzZO_i-SU5cuetnLRGMpwuvQa_KGeMsfJhHw),Shrine of Remembrance © Winston Tan.jpg (https://v5.airtableusercontent.com/v3/u/53/53/1779213600000/G87Gp7m6QM60yLa0zciR_A/38aDfDcdmvk1Or8DBqU6UGviESExRVDww0nCVxDQuD4dY4P9rZRRtrXnJOJCC_4O7RV7M83qMr1jidhpyk2hzh9dW8yIhNVg-cauLV5qjvSVHQ5-aPeMrFWq-tmjLpSPUiexXFaXYCL4ALCRNfsm77lFXUV3sEg5xsVKh30_t4BmYW5K8M2fILIr1nmk9Nk6/aDrKRUe_oltUQ2W4IOlKHYWTsYTZqbT2qh70Uef0i70),Shrine_Visitor Centre.jpg (https://v5.airtableusercontent.com/v3/u/53/53/1779213600000/OmWwtP9XQ6D1Rb5BpuytzA/7XUw-tal79Nmsq4uPTKcuB693BrN_uUzAp_ZyCTCxlspZIU8ngorzwst2xL_KuoKVYJXhLPRhg4_1jtLX5tDn5jliYZsSGi6ppYmko1u8VbJPkxoIxw0mHOD9NKFQcmThl0yJGbLDjWxyp7gY_zrvcZpboQ0G3fQfOSXLz781oY/D4vsv-ylAyCHFa7JDCaNWHp_q_-cczxk0bZ6Mlhkk7M)",Cultural,Talk/Presentation,"Join us for a free 30-minute curator-led tour of the special exhibition Eucalypts of Hodogaya. This intimate talk explores the remarkable story of the Yokohama Commonwealth War Cemetery in Japan—a place where Australian and Japanese designers collaborated after the Second World War to create a landscape of peace.

Discover how architecture, gardening traditions, and cultural exchange shaped a site that harmonises Eastern and Western design philosophies. The tour reveals themes of reconciliation, care, and shared humanity, offering insight into how design can express generosity across borders and generations.",Kids! Set off on a Shrine adventure trail! Collect an activity card from the visitor centre for the ultimate fact-finding companion—perfect for primary school-aged explorers.,"Saturday 25 July + Sunday 26 July 
Exhibition talk 10.30am + 2.30pm
Running for 30 minutes in groups of 20",No bookings required (Open access),,,"-37.830135071719766, 144.97344262883595",,,,,
La Mama Theatre,City of Melbourne,City North,2026,checked,"Neurodiverse,Mobility","Ramp or level (step free) entry,Lift access to all public levels,Accessible bathrooms,All-gender bathrooms,Quiet or sensory rooms,Social Stories,Assistance animals welcome,All ages","There is a lift at the entrance of the theatre as alternative to six stairs; and lift available from ground floor to first floor level for backstage tour. Accessible toilet available on ground floor. Closest accessible parking is on Faraday Street, near Drummond Street.","Come and explore La Mama! Hoin a guided tour to explore the theatre and backstage areas. Hear the stories, and learn about the continued significance of this Melbourne icon. La Mama will also be open for you to simply look around.",,,La Mama Theatre,"205 Faraday St, Carlton VIC 3053",La Mama Theatre,"George S Clarke of Carlton 1883, Meg White and Cottee Parker Architects 2019-2021","La Mama Theatre stands on traditional lands of the Kulin nation, in the block bounded by Lygon, University, Drummond and Faraday Streets. 

Originally built in 1883 for Carlton printer Anthony Reuben Ford, the building was used as an electrical engineering workshop, boot and shoe factory and silk underwear factory until the 1960s, when it was rented by Betty Burstall from Carlton’s Del Monaco family. 

La Mama Theatre was established in July 1967 as a non-profit, experimental theatre to provide opportunity, nurturing and support for playwrights, actors, directors, technicians, poets, musicians, comedians and filmmakers. Since then, alumni have included David Williamson, Cate Blanchett, Julia Zemiro, Christos Tsiolkas, Uncle Jack Charles, Judith Lucy and numerous emerging and established artists. 

A devastating fire destroyed most of the historically significant and heritage-listed building in May 2018. However, with unrelenting determination from team La Mama and financial support from all levels of government, philanthropic partners, advocates and donors across the arts community and beyond, the newly and lovingly built La Mama Theatre re-emerged like a phoenix from the ashes in December 2021. 

Architects and design team Meg White and Cottee Parker Architects, and builders Chroma Group recaptured all that La Mama is and provided new opportunities for generations of theatre-makers, artists and audiences to come.","01_6771_PUBLIC_RebuildLaMama_MegWhiteandCotteeParkerArchitects_Glenn_Hester_Photography.jpg (https://v5.airtableusercontent.com/v3/u/53/53/1779213600000/1bKb-BiVkyitHRtmOK1l4g/O0u_tXtggGfz8xcISn01QInEcdweYsz4v3ptTnEURqZxyqmyVoBZ5_wMkVV8UfveB-V5Q2UY8XlPKJY6tIs1QhMupUvQV36ZPslNfYIZQ6zPzikXflgGt2F6AbD2Yf5Gs5_s0OBK5-AOcE9uKaAZ2-8Pjuhcuv7Ma4jLP98ZDzI-mMKAX0n7ci56vCyaBEe4eyM-IdGTLSH-V_E2v2FG5-mvP5asNoTERPjIUgQB87pgvs3iF1djNOAtefUyAXBotQUFC4i6npqUFEYmLMgN_A/DLa1wL26e4L836YtY8R0zbOumwXtTMK7QWBgXJtXVHU),02_6771_PUBLIC_RebuildLaMama_MegWhiteandCotteeParkerArchitects_Glenn_Hester_Photography.jpg (https://v5.airtableusercontent.com/v3/u/53/53/1779213600000/lVaDGIgup7ZroxaM5H9uwg/7-tZyykIHQzVRAgllOxfZuGPbh1cnNWU9TRklkkK6Fbb8suvjlNWLvNFCx1f1GkW3aLZkkSRptwgQLHP7O7hH0gklDlx9u2incm_vDJ9K7HM1tiyZP-Wtp2wc2qv1yvspR4j3XS4ilhQgY17BmQ8kIW1BXR16qEbTAumZU8c1JanvzfqBAHmajs5ns7EAwYTtNpz0QaIpE_1V_WjHm-i-iuI0nUUaDG_be8vf6_gNcLhxN2R1ZaKyzyI0Kg5nnlZzowdePd3jk1q48NQ_RMK8w/coOwOSbMlQ5mkk49m6-ITTu3FupDNAK3V2Oafi5tBNY)",Cultural,"Open Building,Building Tour","Join one of four guided tours on offer to explore the theatre and backstage areas, led by long-term experienced La Mama staff members. Hear the stories, and learn about the continued significance of this Melbourne icon.

La Mama will also be open for you to pop in and look around! Enjoy a free coffee and chat with La Mama staff members about the theatre's history and activities. ",,"Saturday 25 July
Open access 10am-4pm 
Tours run 10am, 11.30am, 1pm + 2.30pm
Running for 45 minutes in groups of 20",No bookings required (Open access),,"We strongly support OHM's annual contribution to our vibrant city, and have always benefited from the opportunity to participate. We agree that the program enables the new visitors, the curious and the returnees to come inside, look around and learn more about our special places.

La Mama Theatre -

Website: www.lamama.com.au

Email: info@lamama.com.au

Facebook: lamama.theatre

Instagram: lamamatheatre

*Copyright permission for images - yes, both images supplied are from La Mama's own collection. (Glenn Hester , photographer)
-

4 Guided Tours offered, first one starting at 10.30a.m, with last tour departing at 2.30p.m; running for approx 45 mins per tour, in groups up to 20","-37.798789, 144.967790",,,,,
Trades Hall and Literary Institute,City of Melbourne,City North,,checked,Mobility,"Lift access to all public levels,Accessible bathrooms,All-gender bathrooms,Parent's Room,Assistance animals welcome,All ages",Accessible toilets available on every floor. Disability lift available. There are two accessible car parks on the Lygon St side of the building. ,"The Trades Hall & Literary Institute is the world's oldest continuously active trade union building. Dive into its history through a guided feminist history tour, a history tour or a technical tour outlining restoration works, or via self-guided tour. And don't forget to check out the museum!",,,Trades Hall and Literary Institute,"54 Victoria St, Carlton South VIC 3053",Trades Hall and Literary Institute,"Reed & Barnes 1874, Lovell Chen 2016-ongoing","The Trades Hall & Literary Institute is the world's oldest continuously active trade union building. It has been the hub of working life in Melbourne since 1859, three years after the eight-hour day was secured for stonemasons in Melbourne. 

The current building was constructed in ten stages from 1874 to 1960. It is mainly Neoclassical architecture with a relatively newer 1960s building at the back of the complex. Workers winning the eight-hour day meant the working classes could create art; the complex has always had deep ties with the arts community and to this day hosts the Melbourne International Comedy Festival and the Melbourne Fringe Festival. However, whilst having a museum, the ""Peoples' Palace"" is not a museum—it is still a living, fighting union building where working people come together to better their lives. ","lygon_overhead_D.jpg (https://v5.airtableusercontent.com/v3/u/53/53/1779213600000/2V0Qw_Jbvtx7CQ8kM0kVVg/hqnbswJyBFTCgS41yeEHLSSrru3v8ajyWGFG90SgNJW9ePbflvz3lkV2NfvLWko3hK51Urz_LWrqPFdRcX2TCai8wXD7wHgy-4VUkZO140Cvn9xTG0fW6uHzVhc45CWJ7svqrcaPAUy8VUIar9MyuIB7TLOt6U8zIjXz7BB1eXE/yUwo4gCnbKemkE1ZTY8vlqblqENaIyb21ZkTtGo0DTU),peoples_palace.jpg (https://v5.airtableusercontent.com/v3/u/53/53/1779213600000/IptHDFVs7-SlT9EVdnv57w/7bZF2VC03PAvPR9hu16peQ8pLWggkT7G_-XmHrUzw5Z9VrYUbQKLKd6ahz0Z0KyH1W9WrV2TGiEkI8Yef7F2yFZTJfVCp3KmTqgDPLyzUjI285d9SsqAXzF3AQk83EZlFKXWbsdadJs8vEWkfV0NnGiCn4g9-5Z7W9YdcR3iy2k/vOjmSm3S6gzWXQFIiD-Aoqr8Dp2VgH06eNfklLUtfa8),skylight_attrium.jpg (https://v5.airtableusercontent.com/v3/u/53/53/1779213600000/9nElY7-cGEsLZLfGKO7-OA/xT-1-0AFnTbLH54oSLePv6W0GGsb-jqmqlwAwZTU1I04-ZhjxOgH2RzMlDj-19kqGJI1XF9Zr2YLn_IF7TVxSHgJq-t6KLdRlMuv3TVqIcqyklTKdRYOjMrr3r2qsFAYhlph_me9mQJYPbzkUdKRJVurZRYG6iW7dOS7X5U_S94/gTwFXmfdp_yzIUk9f-NYUCExeQD9WDFWGFXJm4hAH5c),vicst_hall.jpg (https://v5.airtableusercontent.com/v3/u/53/53/1779213600000/kDNnasZIei0UxZcAEBEh7A/MPWjnBwNHHidlEGrL4Zzc0HvGsmA7-YTT47VO5DcceVucJAEZBG6AsNjI3DSw8EjAPsqpRb8AgGt54qFaDlR3dA165XbKNK7Ct1Ps_TL3rFF3Cx1HCgoRhOeCekX4N3ie3D1GWcIFlon6M8kvRGyT3HKgVj6HbcEoG6MGEvaJho/UFO-QsKhGPd9Ijys6gcZmgy-9zgzwSAVNBochZrRdGA)",Heritage,"Open Building,Building Tour,Self Guided Tour,Exhibition","Dive into the history of the Trades Hall through a range of tours:

Feminist history tour
Starting at the statue of Zelda D'Aprano, this tour will shine a light on the earliest women's unions and the fight for equal rights through the centuries. 

History tour
Join a history tour highlighting the use of the hall for workers to prosecute their case for a better life.

Making a Heritage Building Modern tour
Join this technical tour outlining what was done in the recently completed award-winning Stage 3 restoration works. This tour is for people wanting to understand the challenges of putting modern services into a building that has handmade nails holding the floors together. 

You can also explore at your own pace with a self-guided tour. And don't forget to check out the museum!",,"Saturday 25 July + Sunday 26 July 
Open access 10am-4pm 

History tour 10.30am

Feminist history tour 12pm

Making a Heritage Building Modern tour 2pm

Running for 60 minutes in groups of 25
",Both open access + bookings required,,"'-
(condensed)
All doors are wheelchair compliant, and there are all-abilities accessible toilets on every floor near the lift, and ambulant-challenged toilets in every toilet block. There is a disability lift at the front of the building. 

There are two disability car parks on Lygon St side of the building. ","-37.806094881015305, 144.96636170307175",Please credit Signal and Hobbs and Digital Horizons Marketing for drone footage.,Signal and Hobbs - Trades Hall .mp4 (https://v5.airtableusercontent.com/v3/u/53/53/1779213600000/1Sm8zpt9gZdIUc36C-My-Q/FYn2AjNx0H1tUvhhXEVbcLAYrn23gOln3_1beeoa_SgWr34ZBArRErg9oGuzK3v-xtOAE19AgWYuaY_zABy22kLfAUuteXjHvrE4P4F_1n0zFBgPrzCNNTYo4LJKhxAJvMqoqLg_izXt_rv2aGSSiqCzJsxO9kjbdQGwbSdiDvHjCmhjeTTmW4gm6ZyGOA3S/YIsdJKmGZ5ocjbeMewBiuyTCOLzceKRTMaicldlQZis),,,
Melbourne Quarter: Grand Opening Tour,City of Melbourne,Melbourne Quarter,2026,checked,Mobility,"Lift access to all public levels,Accessible bathrooms,Level access tram stop","Lifts available for all levels open to the public, located outside Southern Cross Station","Completed in 2026 after more than a decade of planning and construction, Melbourne Quarter is one of Melbourne’s largest contemporary mixed-use precincts bringing together commercial workplaces, residential towers, retail, hospitality and public infrastructure. Join expert-led walks exploring the precinct’s evolution from large-scale development to a working part of the city.",,,Lendlease,"695 Collins St, Docklands VIC 3008",Melbourne Quarter: Grand Opening Tour,,"Completed in 2026 after more than a decade of planning and construction, Melbourne Quarter is one of Melbourne’s largest contemporary mixed-use precincts. Located at the meeting point of the CBD and Docklands, the precinct is built above and around major rail corridors, connecting the historic Hoddle Grid with Docklands through a network of streets, laneways and public spaces.

The precinct brings together commercial workplaces, residential towers, retail, hospitality and public infrastructure, and was designed as a vertical neighbourhood rather than a stand-alone development. A defining feature is the elevated Sky Park, which spans above Wurundjeri Way to create a publicly accessible green space with city views, walking paths and areas for rest and gathering. It demonstrates an ambitious approach to landscape infrastructure in a dense urban context.

Melbourne Quarter has been designed with a strong emphasis on sustainability, wellbeing and long-term adaptability, with high-performance buildings and integrated transport connections.

Now fully realised, Melbourne Quarter can be experienced as a lived-in part of Melbourne, shaped by movement, landscape, culture and everyday use, rather than as a construction project.","1.jpg (https://v5.airtableusercontent.com/v3/u/53/53/1779213600000/qnvz0KaHql7dpe5rdYjVHg/TdDO6EMDJelbciMgFl54N3CLHLztHCpxAk30sSJ2ldiBr0QnrUhDTWpAR8YVGoiRXP5PdWdsQImueQX6GgLcffjMXHsaemXJBNHe_-rg7UDF9enEvcyH0sijmvqBVcq2CEozVheDXTq_cEs59CtZGA/MMZZRbkm5r5IUBthSH74E7uJpphWLCAq48PTdiFJxkg),2.jpg (https://v5.airtableusercontent.com/v3/u/53/53/1779213600000/UNJwRAZidUWED5862Fc5-Q/H0sa5y_vu6rL-iDG7rD24egNKEjfeke7HwBnQL_Oj-QFU0s10CNKeYK-22HSPCno4El1YGkrbPvixBq7_0Pdrvjq0GMWFQR-h1Dld4WgrqaGuOXBHcurTVjzeFFZQJJUohJPYkBTfuFOtfMc2Z0e-g/0GDfBjAo2f1VSTuFiPvz7hKmvpfjXZtN9jPc06NyVlw),3.jpg (https://v5.airtableusercontent.com/v3/u/53/53/1779213600000/P-W1d5e8cPrpZI1scADuoQ/7Uvj4c6X2C2KXzHNm-xRMyk4qOWYde7qBEli0SLH5xN8GBKXWi3HFDVI4NnjiDLNUt4M0hvjDr8rQ489cNyA1y6YrkLLvUMhiiQKyDZnrh0dTroicL8Q2SUtXyEDiILsXHFg8trOvUbE4pNQeHhhRw/CPQOwqJQ17pSUM48tCoosCdwcFehuCE_KW5bxBxe3_U),4.jpg (https://v5.airtableusercontent.com/v3/u/53/53/1779213600000/yr0fgSyNyVmC-mkrMIwBBg/He2eV3a3bIq1kcMNf0Bb1-m_Lw1EewUOmvV9SGgocwplHoNsJh3kLW3Tw96oeynNVEF3oocEjvpNa6mNiuGbxRTe7tbgWWSUYicpTNUhOYOw1_C0IO-TqOERRjMcBa34WTIgj_t70-IHrLj9XExxpQ/4lFoaFKpgFJa6MNFxcjuSeXTaKTVg7X2CSKpH87k8Cg),5.jpg (https://v5.airtableusercontent.com/v3/u/53/53/1779213600000/iuPslXlXRKRCCTr2c_m__g/tGVXETYExTS-7PtAcx3NvZUVqkAV2Sc41OVGt6E-MB0J5bk0yXESKqd451gubC7tI9BbrX5TvDWmKpOmKDCMA-CBHJEvoag3On4ZM6OmHTLojI6BG9_iRnXNgtkAAr8x74y6P9fj61JBupy4wnaCeA/-3BBFmDtK5SO0EkoAa_9Q8ZfcexGJ9xWWYexqFLETP4)",Commercial,,"As part of Open House Melbourne 2026, Melbourne Quarter will host a program of guided tours and talks exploring the precinct’s evolution from large-scale development to a working part of the city.

Visitors can join expert-led walks through the public realm, laneways and elevated Sky Park, built above active rail infrastructure.

Project architects and development team members will discuss design intent, sustainability outcomes, building over rail and the role of mixed-use precincts in contemporary Melbourne.

The program also highlights everyday use of the precinct and how Melbourne Quarter functions today as a connected part of the city.",,"Friday 24 July 
Grand Opening tour 10am
Running for 45 minutes + 15 minute opening ceremony, led in five groups of 10

",Bookings only required,,,"-37.81990889210784, 144.951886217791",,,,,
Melbourne Quarter's Public Art,City of Melbourne,Melbourne Quarter,2026,checked,Mobility,"Lift access to all public levels,Accessible bathrooms,Level access tram stop","Lifts available for all levels open to the public, located outside Southern Cross Station","The newly-completed Melbourne Quarter is one of Melbourne’s largest contemporary mixed-use precincts, with a number of public artworks  curated, commissioned and conceived by Broached Commissions. Join Broached Commissions to explore the narrative behind the public art selected for Melbourne Quarter.",,,Lendlease,"695 Collins St, Docklands VIC 3008",Melbourne Quarter's Public Art,,"Completed in 2026 after more than a decade of planning and construction, Melbourne Quarter is one of Melbourne’s largest contemporary mixed-use precincts. 

Creative agency and production house Broached Commissions curated, commissioned and conceived the creative direction for Melbourne Quarter’s Public Art. Working with artists including John Warwicker, Geoff Nees and Reko Rennie, the integrated artworks weave the site's history, from a garden maintained by the Kulin nation to its time as Batman's Hill, into the contemporary precinct.","1.jpg (https://v5.airtableusercontent.com/v3/u/53/53/1779213600000/taELlYOOeqWAgUzhQ0NHSQ/63QLwS0PCuRT3MmSEua5zBSwtAtM-8n9jsuooNad7e4kQ4kEzQj1xh-ThAH9ydY20ct2KtimDA0wjxS2BPlG-M925zqHnXdV0L78lI9LPWK1ReWVpCAZ_qG9dZ78bqjCTjZ99_dP_p0lPV_npax18Q/rw2TDXlDbLItPQOzKvLSz6T5lz6FernJ47ekgSHTRb0),2.jpg (https://v5.airtableusercontent.com/v3/u/53/53/1779213600000/UNJwRAZidUWED5862Fc5-Q/H0sa5y_vu6rL-iDG7rD24egNKEjfeke7HwBnQL_Oj-QFU0s10CNKeYK-22HSPCno4El1YGkrbPvixBq7_0Pdrvjq0GMWFQR-h1Dld4WgrqaGuOXBHcurTVjzeFFZQJJUohJPYkBTfuFOtfMc2Z0e-g/0GDfBjAo2f1VSTuFiPvz7hKmvpfjXZtN9jPc06NyVlw),3.jpg (https://v5.airtableusercontent.com/v3/u/53/53/1779213600000/P-W1d5e8cPrpZI1scADuoQ/7Uvj4c6X2C2KXzHNm-xRMyk4qOWYde7qBEli0SLH5xN8GBKXWi3HFDVI4NnjiDLNUt4M0hvjDr8rQ489cNyA1y6YrkLLvUMhiiQKyDZnrh0dTroicL8Q2SUtXyEDiILsXHFg8trOvUbE4pNQeHhhRw/CPQOwqJQ17pSUM48tCoosCdwcFehuCE_KW5bxBxe3_U),4.jpg (https://v5.airtableusercontent.com/v3/u/53/53/1779213600000/yr0fgSyNyVmC-mkrMIwBBg/He2eV3a3bIq1kcMNf0Bb1-m_Lw1EewUOmvV9SGgocwplHoNsJh3kLW3Tw96oeynNVEF3oocEjvpNa6mNiuGbxRTe7tbgWWSUYicpTNUhOYOw1_C0IO-TqOERRjMcBa34WTIgj_t70-IHrLj9XExxpQ/4lFoaFKpgFJa6MNFxcjuSeXTaKTVg7X2CSKpH87k8Cg),5.jpg (https://v5.airtableusercontent.com/v3/u/53/53/1779213600000/iuPslXlXRKRCCTr2c_m__g/tGVXETYExTS-7PtAcx3NvZUVqkAV2Sc41OVGt6E-MB0J5bk0yXESKqd451gubC7tI9BbrX5TvDWmKpOmKDCMA-CBHJEvoag3On4ZM6OmHTLojI6BG9_iRnXNgtkAAr8x74y6P9fj61JBupy4wnaCeA/-3BBFmDtK5SO0EkoAa_9Q8ZfcexGJ9xWWYexqFLETP4)",Commercial,,"As part of Open House Melbourne 2026, Melbourne Quarter will host a program of guided tours and talks exploring the precinct’s evolution from large-scale development to a working part of the city.

Join Broached Commissions to explore the curation and creative direction behind the public art in Melbourne Quarter.",,"Saturday 25 July
Public Art tour runs 11am + 11.30am
Running for 30 minutes in groups of 25",Bookings only required,,,"-37.81991312968671, 144.951880853373",,,,,
Footscray Community Arts,City of Maribyrnong,City of Maribyrnong,2026,checked,"Neurodiverse,Mobility,Hearing","Ramp or level (step free) entry,Accessible bathrooms,All-gender bathrooms,Auslan interpreter available on request,Quiet or sensory rooms,Assistance animals welcome,Accessible parking,Other",Henderson House is not fully wheelchair accessible.,"Come explore Footscray Community Art’s evolving riverside precinct. Tour the heritage-listed bluestone Henderson House and it’s Entrance Gallery, the Basement Theatre and the Warehouse, home to our Roslyn Smorgon Gallery. Experience exclusive pre-public access to the architecturally-designed Lango Stage, a contemporary performance space that sits within re-Indigenised greenspace.",,,Footscray Community Arts,"45 Moreland St, Footscray VIC 3011",Footscray Community Arts,"SBLA Landscape Architects, MGS Architects, Moorina Bonini","Footscray Community Arts (FCA) is an arts and cultural precinct on the banks of the Maribyrnong River in Melbourne’s west. Established by trade unionists in the 1970s, FCA has spent more than 50 years as a cultural anchor for Footscray, championing marginalised communities, emerging artists, community-led practice and First Nations leadership.

Outdoors, the newly opened Lango Stage extends the tour into the future of both Footscray and FCA. This architecturally-designed contemporary performance space sits within re-Indigenised greenspace. Along the route, visitors encounter information about native flora and the symbolic markings on the stage canopy. Together, the Warehouse, Henderson House, Lango and the riverside lawns form a living cultural landscape, honouring Footscray’s past while actively shaping its creative future.",250324_Bridge.jpg (https://v5.airtableusercontent.com/v3/u/53/53/1779213600000/xD9De6cKBNdKMfIjmpjuLg/ZX1zipUwKSsLkfXrK1BmWQgpFneUaoqx93FL11z9yqTvp_1AMS5gQftYFk7B5ft8ee0XSK6Q3JgDqizZe7oZL7E7C0gUgBkc0vIibejOi01ZX8bM4fSuxTOu9lq8ZGcTJPdl8URpjHRj7upVXZh4WxUNos1z6NOWyF4PVT9fOiw/nne2si89eV8TCGgwnJmIIaA5uyS4WV7BUqK8QwN3jw0),Performing or visual arts,"Open Building,Self Guided Tour,Audio Tour,Exhibition,Site Tour","Come explore Footscray Community Art’s evolving precinct through an open house, exhibition and self-guided tour.

Starting in the warehouse, visitors will experience FCA’s ongoing commitment to contemporary practice and local voices in SURFACED, our collections exhibition. The tour then moves through the heritage-listed bluestone Henderson House, where visitors can learn about the site’s industrial past as Henderson’s Piggery. Now home to the Entrance Gallery and Basement Theatre, the building reflects the transformation of the precinct into a vibrant community arts hub, with printed materials available throughout the space.

Outdoors, visitors will receive exclusive early access to the soon-to-open Lango Stage, extending the tour into the future of both Footscray and FCA. Visitors will experience pre-public access to this architecturally designed contemporary performance space, which sits within re-Indigenised greenspace. Along the route, visitors can explore information about native flora and the symbolic markings featured across the greenspace. Together, the Warehouse, Henderson House, Lango and the riverside lawns form a living cultural landscape, honouring Footscray’s past while actively shaping its creative future.",,"Friday 24 July
Open access 10am-5pm

Saturday 25 July + Sunday 26 July
Open access 10am-4pm",No bookings required (Open access),,"Please note: Email to Nikki and Piera - Friday 10 April, 2026

-
The heritage-listed bluestone building, Henderson House, is not wheelchair accessible.","-37.80315823523451, 144.9069300625991",https://footscrayarts.com/precinct-revitalisation/#:~:text=Introducing%20Lango%2C%20our%20new%20community%2Dled%20performance%20venue%20surrounded%20by%20re%2DIndigenised%20green%20space,,,,
Australian Tapestry Workshop ,City of Port Phillip,City of Port Phillip,2026,checked,Mobility,"Ramp or level (step free) entry,Accessible bathrooms,All-gender bathrooms,Accessible parking,Assistance animals welcome","There is ramp access to the shop, exhibitions and views onto the workshop floor. Mezzanine level is not wheelchair accessible. 
There is an accessible parking space in front, and accessible bathroom available.","Drop in and explore the Australian Tapestry Workshop (ATW). Enjoy open access to our galleries, weaving floor, Artists-in-Residence spaces, and a glimpse into our on-site dye laboratory. You can also join a guided tour  covering ATW’s history, unique building, and to learn about the specialised process of tapestry weaving.",,,Australian Tapestry Workshop,"262-266 Park St, South Melbourne VIC 3205 ",Australian Tapestry Workshop ,"T.J. Crouch 1885, Peter Carmichael 1976, Williams Boag Architects 2001","The Australian Tapestry Workshop (ATW) is an international leader in contemporary tapestry and the only one if its kind in the Southern Hemisphere. Since 1976, we’ve collaborated with Australian and international artists to create over 700 handwoven tapestries, championing innovation and excellence in tapestry weaving and textile art. Our open studio, bespoke Dye Lab and gallery spaces form a dynamic creative hub for engagement with tapestry, textiles and contemporary art. 

The ATW occupies a heritage-listed 1885 building in South Melbourne, originally built as a drapery establishment, the Harcourt and Parry Emporium and later used as the Patross Knitting Mills. Designed by architect T. J. Crouch, it remains one of inner Melbourne’s finest Victorian Free Gothic commercial buildings. Renovated in 1976 by Peter Carmichael and again in 2001 by Williams Boag Architects, the once-derelict factory was transformed into a spacious, light-filled studio with public areas, a gallery, wool shop, dye lab and weaving annex. Today, its sawtooth roof and large windows create an open, flexible and inspiring home for the ATW. ","ATW 01_Astrid Mulder.jpg (https://v5.airtableusercontent.com/v3/u/53/53/1779213600000/-fpmpTcNDcVTP0621RzDfQ/6QTYNqx2kI-Dr-_oqtS0JW6Em8-50-xFe0sYHwA_R10T12Cew_IBWlCkBu9Nc3a6Cid8Y-9FDyAsLlhce5NLL1fmthLcIiE28McMWe5SmPnrwNQrsPkKxWQoyOMwiZq5c4U5oXTBhBl_k5Ro2X3mPstlejyQ8zsSYNfV2JDs5os/4OqCG6avJk0DFRbVzT4TdIdjbtablp220Nvj8jL_Elg),ATW 02_Astrid Mulder.jpg (https://v5.airtableusercontent.com/v3/u/53/53/1779213600000/8IcLDVMT2V148176FWWmig/WytGU40v2yInv3fz9NlTVnv_o_wEKDy89YLwJpS_k40lRpJ3wY-IZcUtAMKzH5gd1HK-4kQNw380yFWU7Jmh4ezkFBius4ghNiCeCxuN0xzfgnF0OtzT8-f0RnN2sP0Q2PNjTLT8UCPFOA5VsVHZ9aOaOGAO2J51TlF8kbDsNhM/iTd3winecHBKyi1SKMG-7DqLkdFliSmZKwPKnCkmQrk),ATW 03_Astrid Mulder.jpg (https://v5.airtableusercontent.com/v3/u/53/53/1779213600000/Kxta4RgDXfafh8AZXBpgrw/xwRTQyJWywnrI23g6Hjxl2f7EQ_73GDt6XV3ZHgGMh22zdkITS31ZDAgBAhW4CjalRRp0-_Zm3durVpubjo29W9NxzKd5bb5G-RUrS6xNwbKhGFkrMzatxT063itaiCCkvaAyeNbXrzcEtCSkZkeADEwJjbNakDaCkr6SrPxgvw/F4nZFpQxTiCzLjpTg57kLuuuPuQLQ2r3Kb5X8OUOYYk),ATW 04_Astrid Mulder.jpg (https://v5.airtableusercontent.com/v3/u/53/53/1779213600000/-IjIi4IIa3nwkDGrA3rO5w/h8a5vgYlsuKNbLvW0uQ36EcjLCHSxH_VUJ7Uyl0X0lpN14-m8EaTdHYq2FkTmcwwpKi734jjNqnac2NiYw2gqmAu8aAq3el7mPX8SQr67hPW9b23JABxtETkRDbIxtcWKfUzWJuflAGv8C4elO7RH1A1lPHNIf0mPF8kxfYajIQ/r925oQy1lo4Q7RA27uvQncrLvdYkAe6n4dgpa5rpDXY),ATW 05.jpg (https://v5.airtableusercontent.com/v3/u/53/53/1779213600000/jUGGGXrZIjDjF4IqrTFuAA/NLHt_aDp68T4OT4myLo0KbyeS94k1uNyQKB-mOuz2hkYR_N4l7V9w-Lhp7P28Gtz9apuzAKrWqZpFXL5FAV0z8UaK58YbaVSQnDMKycMIzaJl1lACkCM_tc4TaMWUROwx5j1F13UM_uWuz63JImhVGUNsmzvj3VU7DPP_JWDZm0/Yn7dPnZw6TxHnOc1Y8n52ZQFEmLdj1NWRJolnzX2DIw)",Cultural,"Open Building,Building Tour,Workshop","Enjoy open access to our galleries, weaving floor, Artists-in-Residence spaces, and a glimpse into our on-site dye laboratory. Watch tapestries in progress on the loom, learn about the specialised process of tapestry weaving, and experience the creative energy of our unique heritage building as you move through the studio. 

Guided tours
Join our knowledgeable guides for a short tour and talk covering ATW’s history, unique building, and learn about the specialised process of tapestry weaving. Gain insight into how contemporary tapestries are created in collaboration with leading artists.","Weaving Play
Drop in to enjoy our weaving table: play with a range of colourful materials including wool offcuts, recycled fabric and paper. All skill levels welcome, and suitable for all ages.

Please note this is a self-directed activity. ","Saturday 25 July
Open access 10am–4pm

Tours run 11am + 2pm 
Running for 20 minutes in groups of 30",No bookings required (Open access),,"Please note that the mezzanine level is not wheelchair accessible, but our team will be happy to assist you in making the most of your visit. ","-37.83520026884749, 144.9604447490741",,,,,
Jewish Museum Australia Guided Tours ,City of Port Phillip,City of Port Phillip,"2025,2026",checked,"Neurodiverse,Mobility","Ramp or level (step free) entry,Lift access to all public levels,Accessible bathrooms,All-gender bathrooms,Social Stories,All ages","We are committed to providing opportunities for all members of the community to experience our Museum. We have worked to ensure our exhibitions, events and education programs are as accessible as possible for people with restricted mobility. Yet, due to the age and restrictions that exist within our building, some parts of our venue have limited access. These areas include our front entrance and lift. The Museum has disability-access toilets on the ground floor.
When visiting the Museum, we ask you to please take into account the following:
Building Access
The front entrance of the Museum has steps. Visitors with restricted mobility, including those using wheelchairs, can access the building via our schools’ entrance at rear. Please ring the Museum ahead of your visit and we can assist to organise access.

Lift
Our passenger lift has the following dimensions: (approx.) 900mm (wide) x 1200mm (deep). We appreciate the lift may not fit all sizes of wheelchairs and apologise in advance for any inconvenience caused. Should there be any difficulty in accessing lift control buttons or any aspect of our accessibility, our team are always nearby to assist.

Future Plans
The Museum is currently planning an upgrade to our forecourt, including a new wheelchair accessible ramp. We place great importance on improving our accessibility so that all members of the community can share in the Australian Jewish story.
If you would like to discuss the accessibility of our venue, please contact a member of our Experience and Facilities team on +61 3 8534 3600.","The Jewish Museum is one of Australia’s leading community museums. During Open House Melbourne, join a guided tour of our permanent galleries at 11am or explore Zahalkaworld at 2pm. You can also visit independently to discover our collections, history, and role as a cultural and community space.",,,The Jewish Museum of Australia ,"26 Alma Rd, St Kilda VIC 3182",Jewish Museum Australia Guided Tours ,"Adaptation of existing building for the Jewish Museum of Australia, opened 1995 (architect not publicly documented)","The Jewish Museum of Australia: Gandel Centre for Judaica has been located at 26 Alma Road for over 30 years in 2025. Nestled within the residential area of St Kilda, the building was originally an office block that was converted and extended to house the Museum and its collection of over 25,000 items.

At the museum, Jewish life is illuminated. At the intersection of art and Jewish culture, the museum is a place for all people to share in the Australian Jewish experience. Through a vibrant calendar of onsite and online exhibitions and events, the Jewish Museum is recognised as one of Australia’s leading community museums.

Celebrating global Jewish excellence and everydayness through an Australian prism, the Museum inspires curiosity, conversation and play—with engagement and connection at its heart. Guided by a strong belief in the power of museums to change lives, the Museum team creates world-class exhibitions and events that give voice to the stories of a diverse community and promote social cohesion.","Jewish Museum back.jpeg (https://v5.airtableusercontent.com/v3/u/53/53/1779213600000/3AWDN_jf9VeSCIyrE9-OyA/zWqgH1cv2AjvtuvIadSGJ9DTVB-2H6uK_kIinZDGxiv2KfIyjp7_2dVYmlyCZP9xzAp8K4WmS-14tXOoS03PHRxUoGyITFkrstROry0JNxYQZaWcP4DlFjl7WQE4DglZZkwxTQp-8fxNWYko6-LC6WyE356oYhErN1FeQfn6VaY/XiJhN8BKdUNxKxm7PRHDfoKdbGNJwbeS-TnaGdlie8w),""Jewish Museum of Australia, MIRKA exterior 2022.jpg (https://v5.airtableusercontent.com/v3/u/53/53/1779213600000/MVo8Iv08KMnaTuWtaAapFg/Ot0zpw4JansqWgc5-Nd7EaG17Uuzqdb7vjoOa-Ylk_0_tL1fkMgLAyK-rISKr6lyhjGKcZqff9LzyUV3_Y08qkicU5mKuEp00rcmIM7YiS2srE4tPY0J4Ue0qFG0znZKQzSWn2EujC3zgKtSC5LMsk3KGY7GQ2Z2Q_SNjRcctOe_THhhOWuntS9LjglNQ7-xHDBINYAOMeP61eKtT-fM-A/eh9Je2rzLYcAbio7-4Q6YNA0qPqmbMKL0dj_LNCKMmk)"",""Jewish Museum, Helmut Newton exterior.jpg (https://v5.airtableusercontent.com/v3/u/53/53/1779213600000/Z2CO6BL8jLS1_8zgF3Q10g/bbiJxCdnCUHnpNmV0UcPJ3y1RRx0QfV_ZuX8Kt4KDzZOGJWrQqKbZpNSx1BqVQk_e1Q9TBnBtg4KbVde2LtAI_TrqfD1vJvIWmWP1xx24cAMlBH4XcO8Pja2DVxDTYeJdNkQf_XDBuG0po7nWRtd-8vwE8F3N4atrSY26J6zIbm2BRXH-wMs2c-CPZwlNgF_/GThL_nLsAMiD2S4kmkefhfXvqbqSWyI3Zi4jtGeqDyk)""",Cultural,"Open Building,Building Tour,Exhibition","Come explore the Jewish Museum of Australia through guided and self-guided access to selected gallery, education and community spaces. Staff and volunteers will be on site to share insights into the building’s adaptation for museum use, its role within the local community, and how the Museum supports contemporary exhibitions alongside education and public programs.

Visitors can expect to learn about the Museum’s history, its evolving approach to exhibition design, and the ways the building functions as both a cultural institution and a gathering place. Informal talks and opportunities for conversation will be available throughout the day, with time for questions and reflection. Additional interpretive materials will be provided to support independent exploration.",,"Friday 24 July + Sunday 26 July
Open access 10am—5pm
Tours run at 11am + 2pm
Running for 45 minutes in groups of 20",Both open access + bookings required,,,"-37.859902825614384, 144.9855366266577",,,,,
Victorian Pride Centre,City of Port Phillip,City of Port Phillip,"2025,2026",checked,"Mobility,Neurodiverse,Hearing","Ramp or level (step free) entry,Lift access to all public levels,Accessible bathrooms,All-gender bathrooms,Level access tram stop,Assistive listening/hearing loop,Quiet or sensory rooms,Assistance animals welcome,All ages",No on-site visitor parking available,The Victorian Pride Centre (VPC) is Australia's first and only purpose-built centre for LGBTIQA+ communities. Step inside one of Melbourne's most architecturally distinctive and culturally significant buildings on a guided tour led by the Victorian Pride Centre's knowledgeable volunteers and staff. ,,,Victorian Pride Centre,"79-81 Fitzroy St, St Kilda VIC 3182",Victorian Pride Centre,Grant Amon Architects + BAU Brearley Architects and Urbanists 2020 ,"The Victorian Pride Centre (VPC) is Australia's first and only purpose-built centre for LGBTIQA+ communities, sitting proudly on Fitzroy Street in the heart of St Kilda, a suburb with a rich and storied queer history. 

Designed by Melbourne architects Brearley Architects & Urbanists and Grant Amon Architects following an open design competition in 2018, the building is as thoughtfully considered as it is visually striking. The design draws on St Kilda's own exuberant architectural DNA—Luna Park, dance halls, the Esplanade vaults—reimagined into something entirely new. 

Take a peek into the dramatic elliptical atrium that was deliberately left partially unfinished, as the building is designed to evolve alongside the community it serves. 

Winner of the 2023 Victorian Premier's Design Award of the Year, the VPC is widely recognised as a landmark of queer architecture and one of the most important community buildings constructed in Australia in decades. Whether you're an architecture enthusiast, a history buff, a community member, or simply curious, this is a rare chance to step inside a building unlike anything else in Australia—one that was built not just to house organisations, but to reflect, celebrate, and champion a community.","rainbow-building-RS-e1637188516445-2048x908.webp (https://v5.airtableusercontent.com/v3/u/53/53/1779213600000/Exa-3h20UB_2Kp79SWVesQ/DGFrBLr0EvEhMJVZMCCkai0cu-N67egP5gg5SJDcYhyhKt9LpC8oTydBEgoQmxXQngMe3J9D_IRNrybWmziZupHqAbGq6tVU0NNE4WTqB46WrKLkcEyl_edC34Qvoj0GcE6r3_4muyImlTMHtEqFs1zPnWLx5W0vdtQSszmvoOyRdJdnAEy2E1v9ttleRRYMwKZPGXNn5T7qoOyJG25Odg/gJmQmwO5CVXdKRoCLpsMQ-kwBA0ueGZugRK2nykyKYc),02_Pride-Centre_Front_lrg-10-1-2048x1367.webp (https://v5.airtableusercontent.com/v3/u/53/53/1779213600000/eSO32lRkeSCyPvg_DLbBxw/q7Qn4vnsL_EvlvrNbCAbL9mgzZNT30UOFbfMAK6f6JbrDrici2wAAkep-IHkEqY-PVBMuTl7mD4SoXfbZWiEk8vOEGqQOcL9tOCn8b9F-2lFxnoMY9cnVI6QlcQfWxhmkFwBqkQaIhLXvGgJj2yJqQMpTTSKjk2wYyw1sdhoEU4iCM8WcEZYPiGogtkZ_YzfhAOyvFgSrmcEk7-6ow0eKQ/ajF8b8vokj1GNpixudirtFB0BTpC75GgynUpZfLQ5pQ),20220206_142922-600x800.webp (https://v5.airtableusercontent.com/v3/u/53/53/1779213600000/b7nOW5fYOG75lhrNGhankQ/25Ojsr1A5H0DrAZ36T3NcA8kq1BN9gnQmJBoU6d3YkENQSlfRBpID6asXy2U3x7FGjHzLUk9hIEm8zUokV17egN9U4kf0oRhS6ea5F6SDXuc4tzJ2yPHe2oztEpA45JFP_Jw3n6wL40LjpjrUtitvUztxnNOyRl1VOh2oUNenosE5cAlJXVRkBU_prkHX7M3/trbKEmdOTwraafDm0c3caLLBIGR0w8X484DqpB8765c)",Mixed-use,"Open Building,Building Tour,Self Guided Tour,Audio Tour","Step inside one of Melbourne's most architecturally distinctive and culturally significant buildings on a guided tour led by the Victorian Pride Centre's knowledgeable volunteers and staff. Throughout the hour, look at a building that pulses with community life. 

Home to LGBTIQA+ organisations, creative spaces, and cultural institutions including the Australian Queer Archives, Joy FM radio, a theatrette, gallery, bookshop, and more. Walk through the building's remarkable design story, from its striking tubular concrete façade to the soaring central atrium, and learn about what it means to have a space like this in the heart of St Kilda. ",,"Friday 24 July + Saturday 25 July
Open access 10am-5pm
Tours run 11am + 2pm
Running for 60 minutes in groups of 25",No bookings required (Open access),,,"-37.86053530179165, 144.9763448",,,,,
Abbotsford Convent ,City of Yarra,North,"2025,2026",checked,Mobility,"Ramp or level (step free) entry,Accessible bathrooms,All-gender bathrooms,Parent's Room,Accessible parking,Social Stories,Assistance animals welcome,All ages","Being a heritage site, the Abbotsford Convent has uneven pavement and stairs throughout. ","Now a beloved community creative hub, Abbotsford Convent operated as a monastic site for over 100 years. Take an architect-led tour to explore heritage building styles, or join a panel reflecting on heritage as a creative opportunity. There will also be exhibitions in The Store gallery and St Heliers Street Gallery.",,,Abbotsford Convent Foundation,"1 St Heliers St, Abbotsford VIC 3067",Abbotsford Convent ,"John Bunn (JB) Denny 1863, Kerstin Thompson Architects 2018, Kennedy Nolan 2025. ","Founded by The Sisters of the Good Shepherd in 1863, the Abbotsford Convent operated as a monastic site for well over 100 years, through the social traumas caused by the Gold Rush, the Great Depression and the two World Wars. Thousands of women and girls were placed into care here, and while the Convent had a positive impact for some women, providing shelter, food and education in the absence of social welfare, the Convent was also a place of hardship for some, as was often the experience of those in institutionalised care. 

Inscribed on the National Heritage List in 2017, the Convent is recognised for demonstrating Australia’s social and welfare history through the lens of a religious and charitable institution. Today, the Abbotsford Convent today is a beloved community hub for creativity, artistic development, wellbeing, learning and its open green spaces.","ACF_Midsumma_2025_credit_Mark_Gambino-6455.jpg (https://v5.airtableusercontent.com/v3/u/53/53/1779213600000/pQuVJ2aXvb6sEhUSPzmbWA/SOiWLcZ9bl4dePduSBPhzt5cvFU8zu-JpSydnSQcQFRr9JeuaXTr5DWDmhwzqRkaWkY5x51Fiudpd4Tg0m38Z4IVjPzHJm4w8n17GLQlo4XH3XuX4YVL0lWK6Ocs0boMJMl6OHsz7P6OmYgdAwCFqKwCPaRhj1zv-QBojnXl8uLlxRuF-pkj0VGIMCzZky4tM6EJoN2NPXlVv_-jEG4BmA/0-eNG6cRUAZTssfD4QzBQ50gm_mv2QKMYwcwpqqLxfg),_28A3071.jpg (https://v5.airtableusercontent.com/v3/u/53/53/1779213600000/UkxWPgPq27um8L9PpMwyRg/DcMBaoExK6-9YWPPNtRnR74njz21DFXqLtVRTuGIiuwVKXY9YsrXl2xaTA-1xftjyqL2Gv-kTdsdjc33DAR6h8VEdWGNlTMF4v4nDMfAi5qJ8iOwuH2A7d42gvHA9wC7FGlr5p5XmMXDLVhUSnrk8X0lkDSWY9Oz6GzqJlsHBlU/HhwbLIqDfP0_EqOLz5owNfJ5OIpkYqxK1IbSZl2-UzA),HIGHRES-Ryley-Clarke-ACF-ASSETS-2025-7246.jpg (https://v5.airtableusercontent.com/v3/u/53/53/1779213600000/J9iLwxRpAh7VvkZx-O_vqQ/UV6OEsgWGuMkyO_9I8PiuqSEgREfaMS4yDtgqzC4aBuo1lZ8b-pSYjaFtWOuIK7MYhr8At-koPZd67TsNz3Y-sjUyzZhxQTH7ytEylygplCm5DoAnPZDBqZfyjGIP2oD5wyuDd-iOw9NAvsdm0EECaWj75h-VwusBXV3LeNJhNnYWvSLE4-7SvS853uZmUrVfq60ywX4mhVwxiJCP2zwEQ/WYmcLKa3BgFNTrtO0vLHflFxTYc6NK6pfEqgnMCnpGA),Ryley-Clarke_ACF_Open-House-2025-4207.jpg (https://v5.airtableusercontent.com/v3/u/53/53/1779213600000/f-fO-Bvgd_ElaDaX_xU2nw/tmYbvsu0NrRRtRPRfhwCtDbJT92fU4M1OQf2sNiCq0s3BXTbuZTU5DxmY3b2MFKoM9KQ-k6Mdx5FqiVIM2ZreGrAWeorH1oxvpM6YI9AyAAo6nznR8Wn9c5ywBtAcwdTnINvtxnXXvTly6jEd-mgqh9DjLJpn0PmZu3vcDRMpSk03TK2e2N0t8wiRx8yf91l/0PGotg1dJpPKEXHJSI7Gtx5rtopZbIQJYahsstNX_r0)",Cultural,"Open Building,Building Tour,Site Tour,Walking Tour,Talk/Presentation","Take an architect-led tour, with Rema O’Neill, to explore the different heritage building styles ranging from Early Colonial to European Baroque Revival.

Listen to a panel hosted by Abbotsford Convent Foundation CEO Justine Hyde. Featuring Kennedy Nolan Architects and Studio Tate the panel will reflect on heritage as a creative opportunity and explore how architecture, design and art can keep cultural sites socially relevant and accessible.

There will also be exhibitions at the St Heliers Street Gallery and in The Store Gallery.",,"Sunday 26 July
Open access 7.30am-10pm

Ticketed events
Heritage architecture tour 10am + 2pm
Running for 90 minutes in groups of 25

In Conversation: Talking Heritage & Place Making Panel 12pm
Running for 90 minutes in group of 120

Bookings required for both events

Non-ticketed events
Open Studios 10am-4pm

The Store gallery open 10am-4pm

St Heliers St Gallery open 8am-10pm",Both open access + bookings required,,"ACF is very interested in discussing partnership opportunities with Open House. Please contact our Strategic Partnerships & Brand Manager, Jessica Bram, at jbram@abbotsfordconvent.com.au with further information if possible. 
-
Original text: Precinct Open - 7:30am - 10pm.

Architecture Tours x 2 (90mins), 40PAX – 10am to 11:30am and 2pm to 3:30pm.

In Conversation: Talking Heritage & Place Making Panel, 100PAX - 12pm to 1:30pm.

Open Studios – Between 10am – 4pm (Specific studios TBC)

The Store Gallery - 10am to 4pm. 

St Heliers St Gallery – 8am to 10pm.
","-37.80188173449213, 145.00394400185178",https://www.youtube.com/watch?v=jQtsZInWnDc,,,,
Fitzroy Neighbourhood House,City of Yarra,North,2026,checked,Mobility,"Ramp or level (step free) entry,Accessible bathrooms,All-gender bathrooms,Assistance animals welcome,All ages","Public transport via the 11 & 86 tram will take visitors to the front of FNH, street parking is limited but bicycle parking plenty. Step free access and path of travel from Brunswick Street is provided. A reminder for all that the space is located on the ground floor of the Atherton Gardens Estate and as such is a busy intersection of public and private space.","Join a tour or come explore the new home for Fitzroy Neighbourhood House (FNH), created by Kennedy Nolan with Wilderness Building Co.  Find out more about how they refitted a disused ground floor space to create a vibrant, sustainable, efficient, durable, cost-effective and welcoming community space. ",,,Kennedy Nolan ,"140 Brunswick St, Atherton Gardens Housing Estate, Fitzroy, Melbourne VIC 3065",Fitzroy Neighbourhood House,"Kennedy Nolan, Simon Ellis Landscape Architects, Wilderness Building Co 2026","Kennedy Nolan are excited to continue our work with Fitzroy Neighbourhood House (FNH) to help them create a new home for the organisation on Atherton Gardens Estate in Fitzroy. This project includes the refit of the disused ground floor of one of the towers to create a vibrant, functional and welcoming community space within an existing building. 

The three key goals for this project were to transform the current space into a warm and welcoming neighbourhood house that was sustainable, efficient, durable, cost-effective and enjoyable to use; to complete the project on a particularly tight time and on budget while implementing innovative design solutions such as ‘design for disassembly’ to allow for reuse of materials and fixtures if or when the tenancy ends; and to create a connection to the garden, highlighting the importance of safe and welcoming outdoor spaces for gathering and connection as part of this project.

Kennedy Nolan has a strong connection with FNH and the Fitzroy neighbourhood within which FNH operates. With members of the Kennedy Nolan team having been involved with FNH as volunteers, we have a unique understanding of the character of this organisation.","UENH9039.JPG (https://v5.airtableusercontent.com/v3/u/53/53/1779213600000/14JzGwbHPvR1TxRl_bnFKw/hgURYl70irk07Y-p8gp7KNnZ-c3IGF9_ds0nF0LjMK0kgby7fXDNScsdkVXzL2ZM3sRCUXxE6Qfq3gNw5Tl8P_lUfVs8UbzPHlPOVr7gg40NEprQEbvhOORw6YWt0k69YB-lWTo-pbVTdbEDyCQw8EBTP8LCOyqCTxMC-j4K4kM/ebN0YDlgb9UyfQDBxA-LQN0PscAb7OHUk7gp1i1IkJM),KN_FLN_102-Edit_FULLRES.jpg (https://v5.airtableusercontent.com/v3/u/53/53/1779213600000/pTgMIPi0qV2TIG8_OqGjjQ/Cvq-U1mq9g9bp511fCC89S12aV06Ca5nZsciEljE-ZnJNwGd2iSkwPGaH93c5hCFga48rTvzn0qEMoEzr4hu_CEOIxvfl_E2XxllNET7yXlGLmPHRwTa7tLZzUr1TapPhultys88pkteJ6ToTyewxoOLtJV4EOWcRYQlh5DKUuUt47AWi-GjbH7qVcFdyFqt/8hnwmWk3rMa55AhBrQUpFYlkXeF325M3yAwJeG9WRq0),Fitzroy_Neighbourhood.jpg (https://v5.airtableusercontent.com/v3/u/53/53/1779213600000/lMDsu99_4uD_EuvnAtif8A/7bY8XojVAhrhn74aufbwzjzYRUBhN9SYRPtlmuJ2wyhGg4fuUGhccCwvJwrwMM1lpwW5oDKTtHeKgFOaibmDGSfm3y9SkwLyJZfFTSeNhvuRhxo3Tfe9KTQqBp4JTOgYKq1IEohNKCdEIpinpJyMVbl0QmBQPr-5xibNWJFDbPU/wGfTFqRGR6FW155WXyAUPT9p4pzsjfB6m7-gUwR3X3M)",Education,Building Tour,"Come join one of three tours with Fitzroy Neighbourhood House educators, the Kennedy Nolan project team and Wilderness Building Co crew. The tour will lead visitors through the new community spaces, discussing the consideration and construction of particular interventions, material applications and collaborative craft that brought this project to life. 

FNH will also be open to everyone from 12–2pm. Delicious food will also be available for purchase throughout the day, prepared by the Neighbourhood House Catering Project.

",,"Saturday 25 July 
Open access 12pm-2pm

Tours run 10am, 10.45am + 11.30am
Running for 20 minutes in groups of 12

Bookings required for tours",Both open access + bookings required,,,"-37.803153348650305, 144.978005471164",,,,,
Today: A Sustainable Design Studio,City of Yarra,North,2026,checked,"Neurodiverse,Mobility","Ramp or level (step free) entry,Lift access to all public levels,Accessible bathrooms,All-gender bathrooms,Parent's Room,Quiet or sensory rooms,Social Stories,All ages,Sensory maps","Meet at bottom stairwell to take the lifts.
Social Stories available. ","Today is a design and innovation practice for social impact. Their studio was designed by Studio Edwards to foster collaboration and creativity, utilising movable walls and informal layouts that encourage team interaction. Hear from Studio Edwards and some of Today's senior leadership team, or join a casual walking tour.",,,Today,"8/54 Wellington St, Collingwood VIC 3066",Today: A Sustainable Design Studio,Studio Edwards 2023,"Today is a design and innovation practice for social impact. Their studio in Yálla-birr-ang, Wurundjeri Country (Collingwood), was designed by Studio Edwards to foster collaboration and creativity, utilising movable walls and informal layouts that encourage team interaction. Constructed entirely from readily available materials without applied finishes—no plasterboard, no laminate, and no MDF—the 900-square-metre space leaves zero waste in its wake. It is a testament to sustainable design and collaborative ingenuity; a space where creativity thrives in harmony with the environment.","230910-Today-0246-scaled.jpg (https://v5.airtableusercontent.com/v3/u/53/53/1779213600000/iZ4niKz9KHtilB1RttyvrA/eOm1ZwNpH5hcn-nagvssUqoLl66SuVzDZFsozbZHRpVz00Y8yUhaK26zaulkNhuieZ3CUJ3e9fRTeagB8iZvttadZ-ATMD6q9lh-wAXj0kkhUoX40FB5WTpm7ZbhRbyrkco8UV7eowWTQdtPa_BjQjOxTY08aC0H7w7jdA4SPfhcP94xqpoDTrlcovBN-_da/8IQ-0WFLQqPdk6gpMELzWw7BYyorHsRtPJxqEOlUSLE),230910-Today-0364-scaled.jpg (https://v5.airtableusercontent.com/v3/u/53/53/1779213600000/UqA9QQmQwFoSD91-vQ8fEw/BTq3EKN_0m7BAjqemJ5gKA9EJ_p3oYxpn--chJdgH8T3ERXknM7wz-9TAlUkCvX4pHP_FQwc88gn3eI4_95LWsRhg6NMcMBzJtffurfAy8xPdAqTUSjaqGgR_kvhk4p4Xh87ffaG3kwLvXOWBwbkV0jKpf2QpiMQoqBuzSZ34T0eKjSYYCL8Yuojgw8PZDO1/lR_KKE1bHs7kIejrv6bxbQlafu7gtYy0LKj879Y9ius),230910-Today-0697-scaled.jpg (https://v5.airtableusercontent.com/v3/u/53/53/1779213600000/5ai5YFZW7oBw5nEbLCI41A/EVjvQDe6xrXO4bkmnhpXahjWFk2FmJFXvlrR1UNN4hq_6g0CPavOrz7KH6puW86VALGcXqK8cFbeXYvUqWP1OymEds3V_VJEevGXMuV7CMOcl0RE1XWEo2DtgBgoKS2_bvrhE1PAvSgke1Kg9scscTO8-5Q1aMEfxgG6Sn8HSr3_t8HJuTE8IlCOQIezZW93/w1-axGZrUpj2Kr6GIzxIuLgSkVsZBddnrnWbSL_8dgU),230910-Today-0810-scaled.jpg (https://v5.airtableusercontent.com/v3/u/53/53/1779213600000/B95j7FqGwhiphXlJ_V5e1w/JrddcU50f0Vguf7YXtWFrUVBPoaInoV4lR9VOqiX470x5ja2fDVF3agwP_b3JIfom7eFr9ZjTq07r1DKtmjzvJNbdga9BdJ1vZbYlmkiMEatRjfv9kmBh5GhZxJzJmLyatmvG1KmHhjGkNTtZXtdxnlqdPcHxV58lwmQaKWqRhIBvTiZ56-u9r4hbzNUC1W6/-HADThRE8BV4w_4j4bJpKGPSCKb6W6zuo6NMU-oFn14),230910-Today-1300-scaled.jpg (https://v5.airtableusercontent.com/v3/u/53/53/1779213600000/Vb3s-OtcPhi7t5zK9f56OA/Ntewrf04t4GO6293Nu8Oh5KRWviFr1-vVHCQEnb5VgHZZTsSvgMIbOfUzG2E9Zb3S1qgQYGOpISZiTnv9ykzdcKuAUt6M8apr9vr3Di65sW5ypuY5kRLeN-2Z2pPLizuOO7BjnIqLi0s4fCb0-661MheQdRkaHfYrL64K8F_57j-_z5TJkMy-EwCKNGAF1c-/MoTlfMADvYV3R6P4aXyZoS2JNu1zUg2JzvOWVa6e8gA)",Workplace,"Open Building,Site Tour,Self Guided Tour","Hear from designers Studio Edwards and some of Today's senior leadership team on how this workplace delivers on the company’s values of care, climate, and community. Learn what working in a studio designed to enhance collaboration and creativity is like. Studio Edwards will also be hosting casual walking tours.",,"Saturday 25 July
Open access 10am—4pm
Tours run 12pm, 12.30pm + 1pm
Running for 30 minutes in groups of 30",No bookings required (Open access),,Original title (condensed): Today — a Sustainable Design Studio in Collingwood,"-37.80692467565223, 144.98626216441798",,,,,
NICA: The Joys of Circus,City of Stonnington,City of Stonnington,2026,checked,Mobility,"Ramp or level (step free) entry,Accessible bathrooms,All-gender bathrooms,Assistance animals welcome,All ages","Wheelchair/mobility accessible, all entrances are at ground level.
Toilets, change rooms and gender neutral toilets are available in the NICA main entrance foyer.
Hard, non-carpeted flooring throughout.
Support animals  are allowed.
Free drinking water provided.
If I have specific access needs or questions, I can talk to NICA Recreation on 1300 006422 or email receation@nica.com.au

","The National Institute of Circus Arts (NICA) is an internationally-renowned non-profit circus arts organisation. Tour the award-winning facilities, gain insights into our history, then experience the joys of circus in a guided workshop! For families, NICA will offer a family partner acrobatics workshop for children and their guardians to learn new skills together.",,,National Institute of Circus Arts,"39-59 Green St, Prahran VIC 3181 ",NICA: The Joys of Circus,"Sidney Myer Circus Studio, Bates Smart Architects 2002. NICA National Circus Centre (NCC), Cox Architects & Planners 2007.","The National Institute of Circus Arts (NICA) is an internationally-renowned Centre of Excellence for Circus Arts based in Melbourne, Australia.  We are a not-for-profit organisation offering both recreational and tertiary-level education and training in circus arts. We provide performances, research, leadership and talent to the local, national and global performing arts industry. 

NICA is housed across two adjacent award-winning, purpose-built facilities on our Prahran Campus. Our Sidney Myer Circus Studio was designed by Bates Smart Architects and opened in 2001. Our facility was then expanded with the foyer and additional studios. 

The Guang Rong Lu OAM National Circus Centre (NCC), designed by COX Architects, launched in 2007. The NCC is a 14-metre-high venue that is transformed into a professional performance space with a 240+ seating capacity. Flexible and efficient structural design supports numerous rigging configurations and catwalk systems to enable the facility to attract and conduct a myriad of events.

Awards include Architectural Steel Design—Large Project, Australian Steel Institute VIC 2008 and an award for Community Facility Design—Sports and Recreation Industry Award 2003.

After a tour of our purpose-built facility for circus training, you can experience the joys of circus for yourself! Our expert trainers will guide you through a series of skills relevant to your choice of workshop. Our trainers have extensive experience working with students of all ages and abilities so don't worry! You are in the safest of hands.","NCC_NICA_window-close-up_ Photo_Julian Meehan.jpg (https://v5.airtableusercontent.com/v3/u/53/53/1779213600000/0C741-VFD3mBcwfnOhRbKQ/o28kmWpzmenLpFAqdP-Cg-MJjCkm5raldSxUSccwaEuj9X-iNoAAtQmDgPCJBi1bPHJwCAXePAenhef24efWs0fUPO_EK_VQBxaWcSUy6AIDkcB3erSofSQ9N_uYvZsdA4IyOQOsobEqJ4pVuU3Hd5c-Q2bfi23Wq7U73DPEd7ub8A2PIbLTyjrajP-yMKsP6KVbao0I3byIW6Mi9q9h_Q/2wUMKTFjj_i9GcIKhrEFN7qZ0Dh_WZPa7vypvQzM1qk),NCC_NICA_Photo-Julian Meehan.jpg (https://v5.airtableusercontent.com/v3/u/53/53/1779213600000/XQehsOA07EnlJ-kdao6EWQ/BuKHUpamp_oUrfpgkX4R1KWJlgGAIERct2izpBvPIIweZPyL3otdoXrh-RY9pOhg9oB3iLvnAt_MlvZ3JQ9cou9Bmop82F9yO0bB_1oA9pUyCOaH2TGax9Ka_r8oTLAjYjvApBIchEU1QLk4fYOSWeQ9m_cSEdYw7G21uH0kJTTAAPmYA26o4KmmcF3pqnXt/uZaT5FovZRNXMrRl2saF-l815ldbhuRCiqD8mkuf7jw),OpenHouseMelbourne_2026_NICA-NCC-building_Peter Hyatt.png (https://v5.airtableusercontent.com/v3/u/53/53/1779213600000/PFLK7ofRolhoenGHVcwpKg/uXg8MxLehv53RMIdUBnPjKFghyOOE4qJtoSgfo13WL6X1YVMURefbB8uMM-RUb_5G6WHtklorbIe35DlCy0U968oElgwdPHyGv4eu7I9KehY_ctb476O8mtGNUORsWfdSyH2l_PvEg2rtgsRIxYv2jQrKObeCESI-S2sAx1vlymkkqfvJ59ME_xGsxoIS0n7Z6eMzYci-RM-kn0CR9UdRNR4LI4jFupMyNfR8DSzh-w/thNN5k2rNI28tBE-ojHJbEwkeiju1I1ubItG22b3PJI),NICAGraduate2023_photo-by-Daniel_Rabin.jpg (https://v5.airtableusercontent.com/v3/u/53/53/1779213600000/LE7TnMPPdfZ_i--C0FILbA/4IDfxE5mtN5MihE5056xergI-E9rww0p4RhtRDqCuHmnMTO4VGKtAkEDV-wS5RwjmF62F2xJ-sJHFzugn0uY0iV4vYKsBaDA_vM78FB0JMyEHfOWzdZLranS4CZ9A8DN0W0bKjgNqmVnXJ4GIhoCE_sDS4Wcf8wK6HbFPETUv-BFiSqikIk_Nl2sXqIBwSbzGJ5yODP340-jhtUEdnm7Dg/L6NZv5dcYtZ0QJI7xYCD8zY3TGzICVEzsLtw_O2N4lY),Recreational-classes_NICA_photo - Julian Meehan_landscape.jpg (https://v5.airtableusercontent.com/v3/u/53/53/1779213600000/9azhdhd3AjyXRUMJXD3sqg/mW4vLduQ7kaZFmaCivufiIU0TIpJqP3gXUBLn_wxXHaqd4pP6w4ovTCoSwrPWNFzG4TwLIwaOW2upwH0FhvYiApwu_T2SvjfKvMOAymCtojrvmzSvJuLFF_vUqJi8JUNXCQKE2U4Omxb8MWMd8uGIwRFUSUcD-o9AZoRBXJRlx2kZYYuJcW76PbEzzdX26r-gvD1SPPq_TGI9JUOZnUD-RDQX5FWqNIPhyhtdKHBuuM/5HD5c6Nr_ecG67pzXQCwoZXRwsjAL2XzscxSsae-TL0)",Performing or visual arts,Workshop,"Start with NICA’s circus trainers giving you a first-hand insider tour of our main training facilities: the National Circus Centre and the Sidney Myer Circus Studio. You will gain insights into our history and hear about some unique points of interest about the facilities and the organisation itself. You will then be invited to experience the joys of circus in a guided workshop inside our bespoke facilities.

For families, NICA will offer a family partner acrobatics workshop for children and their guardians to learn new skills together, which you can take home and continue to enjoy for weeks to come.

For adults, you’ll be able to choose from two workshops:

Assorted Aerials workshop
Learn the basics and have fun in the air on a variety of aerial equipment, including static trapeze, aerial hoop and tissu (silks).

Tumbling and Trampoline workshop: Try beginner tumbling on the floor, FastTrack and on NICA's pit trampoline. Try some dynamic moves including straight jump, front saults and much more!","With the participation of their guardian, children will be invited to join a partner acrobatics workshop. In this workshop, children and adults will learn how to create pyramids, balances and other fun human formations with their parent or guardian in a safe and guided environment. The skills you will learn, you will take home forever, offering endless fun and family bonding. ","Friday 24 July
Session 1: 5pm-6.45pm
Session 2: 6.15pm-8pm
Running for an hour and 45 minutes in groups of 25

Saturday 25 July
Session 3: 1pm-2.45pm
Session 4: 2.15pm-4pm
Running for an hour and 45 minutes in groups of 25",Bookings only required,,NICA has two award-winning facilities. The first is the Sidney Myer Circus Studio designed by Bates Smart Architects in 2002. The second is the NICA National Circus Centre (NCC). Designed by Cox Architects & Planners and launched in 2007.,"-37.85264700215921, 144.99167852698508",,,,,